Rank, name, IMDb Rating, link, image, plot, genres, runtime, certificate, titleType, keywords, countriesOfOrigin, meterRanking, meterRankChange, directors, writers, stars, topCast, budget, openingWeekendGross, lifetimeGross, worldwideGross, filmingLocations, spokenLanguages, soundMix, aspectRatio, color, awardWins, awardNominations, isSeries, isEpisode, isAdult

"1", "The Shawshank Redemption", "9.3", "https://www.imdb.com/title/tt0111161/", "https://m.media-amazon.com/images/M/MV5BMDAyY2FhYjctNDc5OS00MDNlLThiMGUtY2UxYWVkNGY2ZjljXkEyXkFqcGc@._V1_.jpg", "After a banker is sentenced to life in Shawshank Prison, he forms an unlikely friendship with a seasoned inmate and clings to hope amid cruelty and corruption.", "Drama", "142", "R", "movie", "", "", "", "", "", "", "", "", "", "", "", "", "", "", "", "", "", "", "", "", "", ""
"2", "The Godfather", "9.2", "https://www.imdb.com/title/tt0068646/", "https://m.media-amazon.com/images/M/MV5BNGEwYjgwOGQtYjg5ZS00Njc1LTk2ZGEtM2QwZWQ2NjdhZTE5XkEyXkFqcGc@._V1_.jpg", "The aging patriarch of an organized crime dynasty transfers control of his clandestine empire to his reluctant son.", "Crime, Drama", "175", "R", "movie", "", "", "", "", "", "", "", "", "", "", "", "", "", "", "", "", "", "", "", "", "", ""
"3", "The Dark Knight", "9.1", "https://www.imdb.com/title/tt0468569/", "https://m.media-amazon.com/images/M/MV5BMTMxNTMwODM0NF5BMl5BanBnXkFtZTcwODAyMTk2Mw@@._V1_.jpg", "When a menace known as the Joker wreaks havoc and chaos on the people of Gotham, Batman, James Gordon and Harvey Dent must work together to put an end to the madness.", "Crime, Thriller", "152", "PG-13", "movie", "", "", "", "", "", "", "", "", "", "", "", "", "", "", "", "", "", "", "", "", "", ""
"4", "The Godfather Part II", "9", "https://www.imdb.com/title/tt0071562/", "https://m.media-amazon.com/images/M/MV5BMDIxMzBlZDktZjMxNy00ZGI4LTgxNDEtYWRlNzRjMjJmOGQ1XkEyXkFqcGc@._V1_.jpg", "The early life and career of Vito Corleone in 1920s New York City is portrayed, while his son, Michael, expands and tightens his grip on the family crime syndicate.", "Crime, Drama", "202", "R", "movie", "", "", "", "", "", "", "", "", "", "", "", "", "", "", "", "", "", "", "", "", "", ""
"5", "The Lord of the Rings: The Return of the King", "9", "https://www.imdb.com/title/tt0167260/", "https://m.media-amazon.com/images/M/MV5BMTZkMjBjNWMtZGI5OC00MGU0LTk4ZTItODg2NWM3NTVmNWQ4XkEyXkFqcGc@._V1_.jpg", "Gandalf and Aragorn lead the World of Men against Sauron&apos;s army to draw his gaze from Frodo and Sam as they approach Mount Doom with the One Ring.", "Adventure, Drama, Fantasy", "201", "PG-13", "movie", "", "", "", "", "", "", "", "", "", "", "", "", "", "", "", "", "", "", "", "", "", ""
"6", "12 Angry Men", "9", "https://www.imdb.com/title/tt0050083/", "https://m.media-amazon.com/images/M/MV5BYjE4NzdmOTYtYjc5Yi00YzBiLWEzNDEtNTgxZGQ2MWVkN2NiXkEyXkFqcGc@._V1_.jpg", "The jury in a New York City murder trial is frustrated by a single member whose skeptical caution forces them to more carefully consider the evidence before jumping to a hasty verdict.", "Crime, Drama", "96", "Approved", "movie", "", "", "", "", "", "", "", "", "", "", "", "", "", "", "", "", "", "", "", "", "", ""
"7", "Schindler&apos;s List", "9", "https://www.imdb.com/title/tt0108052/", "https://m.media-amazon.com/images/M/MV5BNjM1ZDQxYWUtMzQyZS00MTE1LWJmZGYtNGUyNTdlYjM3ZmVmXkEyXkFqcGc@._V1_.jpg", "In German-occupied Poland during World War II, industrialist Oskar Schindler gradually becomes concerned for his Jewish workforce after witnessing their persecution by the Nazis.", "Biography, Drama, History", "196", "R", "movie", "", "", "", "", "", "", "", "", "", "", "", "", "", "", "", "", "", "", "", "", "", ""
"8", "The Lord of the Rings: The Fellowship of the Ring", "8.9", "https://www.imdb.com/title/tt0120737/", "https://m.media-amazon.com/images/M/MV5BNzIxMDQ2YTctNDY4MC00ZTRhLTk4ODQtMTVlOWY4NTdiYmMwXkEyXkFqcGc@._V1_.jpg", "A meek Hobbit from the Shire and eight companions set out on a journey to destroy the powerful One Ring and save Middle-earth from the Dark Lord Sauron.", "Adventure, Drama, Fantasy", "178", "PG-13", "movie", "", "", "", "", "", "", "", "", "", "", "", "", "", "", "", "", "", "", "", "", "", ""
"9", "Pulp Fiction", "8.8", "https://www.imdb.com/title/tt0110912/", "https://m.media-amazon.com/images/M/MV5BYTViYTE3ZGQtNDBlMC00ZTAyLTkyODMtZGRiZDg0MjA2YThkXkEyXkFqcGc@._V1_.jpg", "The lives of two mob hitmen, a boxer, a gangster and his wife, and a pair of diner bandits intertwine in four tales of violence and redemption.", "Crime, Drama", "154", "R", "movie", "", "", "", "", "", "", "", "", "", "", "", "", "", "", "", "", "", "", "", "", "", ""
"10", "The Lord of the Rings: The Two Towers", "8.8", "https://www.imdb.com/title/tt0167261/", "https://m.media-amazon.com/images/M/MV5BMGQxMDdiOWUtYjc1Ni00YzM1LWE2NjMtZTg3Y2JkMjEzMTJjXkEyXkFqcGc@._V1_.jpg", "While Frodo and Sam edge closer to Mordor with the help of the shifty Gollum, the divided fellowship makes a stand against Sauron&apos;s new ally, Saruman, and his hordes of Isengard.", "Adventure, Drama, Fantasy", "179", "PG-13", "movie", "", "", "", "", "", "", "", "", "", "", "", "", "", "", "", "", "", "", "", "", "", ""
"11", "Il buono, il brutto, il cattivo", "8.8", "https://www.imdb.com/title/tt0060196/", "https://m.media-amazon.com/images/M/MV5BMWM5ZjQxM2YtNDlmYi00ZDNhLWI4MWUtN2VkYjBlMTY1ZTkwXkEyXkFqcGc@._V1_.jpg", "A bounty-hunting scam joins two men in an uneasy alliance against a third in a race to find a fortune in gold buried in a remote cemetery.", "Adventure, Drama, Western", "178", "R", "movie", "", "", "", "", "", "", "", "", "", "", "", "", "", "", "", "", "", "", "", "", "", ""
"12", "Forrest Gump", "8.8", "https://www.imdb.com/title/tt0109830/", "https://m.media-amazon.com/images/M/MV5BNDYwNzVjMTItZmU5YS00YjQ5LTljYjgtMjY2NDVmYWMyNWFmXkEyXkFqcGc@._V1_.jpg", "The history of the United States from the 1950s to the &apos;70s unfolds from the perspective of an Alabama man with an IQ of 75, who yearns to be reunited with his childhood sweetheart.", "Drama, Romance", "142", "PG-13", "movie", "", "", "", "", "", "", "", "", "", "", "", "", "", "", "", "", "", "", "", "", "", ""
"13", "Fight Club", "8.8", "https://www.imdb.com/title/tt0137523/", "https://m.media-amazon.com/images/M/MV5BOTgyOGQ1NDItNGU3Ny00MjU3LTg2YWEtNmEyYjBiMjI1Y2M5XkEyXkFqcGc@._V1_.jpg", "An insomniac office worker and a devil-may-care soap maker form an underground fight club that evolves into much more.", "Crime, Drama, Thriller", "139", "R", "movie", "", "", "", "", "", "", "", "", "", "", "", "", "", "", "", "", "", "", "", "", "", ""
"14", "Inception", "8.8", "https://www.imdb.com/title/tt1375666/", "https://m.media-amazon.com/images/M/MV5BMjAxMzY3NjcxNF5BMl5BanBnXkFtZTcwNTI5OTM0Mw@@._V1_.jpg", "A thief who steals corporate secrets through the use of dream-sharing technology is given the inverse task of planting an idea into the mind of a CEO, but his tragic past may doom the project and his team to disaster.", "Adventure, Sci-Fi, Thriller", "148", "PG-13", "movie", "", "", "", "", "", "", "", "", "", "", "", "", "", "", "", "", "", "", "", "", "", ""
"15", "Star Wars: Episode V - The Empire Strikes Back", "8.7", "https://www.imdb.com/title/tt0080684/", "https://m.media-amazon.com/images/M/MV5BMTkxNGFlNDktZmJkNC00MDdhLTg0MTEtZjZiYWI3MGE5NWIwXkEyXkFqcGc@._V1_.jpg", "After the Empire overpowers the Rebel Alliance, Luke Skywalker begins training with Jedi Master Yoda, while Darth Vader and bounty hunter Boba Fett pursue his friends across the galaxy.", "Adventure, Fantasy, Sci-Fi", "124", "PG", "movie", "", "", "", "", "", "", "", "", "", "", "", "", "", "", "", "", "", "", "", "", "", ""
"16", "The Matrix", "8.7", "https://www.imdb.com/title/tt0133093/", "https://m.media-amazon.com/images/M/MV5BN2NmN2VhMTQtMDNiOS00NDlhLTliMjgtODE2ZTY0ODQyNDRhXkEyXkFqcGc@._V1_.jpg", "A computer hacker discovers that his life is nothing more than an elaborate simulation run by an evil AI.", "Action, Sci-Fi", "136", "R", "movie", "", "", "", "", "", "", "", "", "", "", "", "", "", "", "", "", "", "", "", "", "", ""
"17", "Interstellar", "8.7", "https://www.imdb.com/title/tt0816692/", "https://m.media-amazon.com/images/M/MV5BYzdjMDAxZGItMjI2My00ODA1LTlkNzItOWFjMDU5ZDJlYWY3XkEyXkFqcGc@._V1_.jpg", "In a dystopian future where Earth has become near-uninhabitable, a team of astronauts embark on a mission to find a new home for humanity.", "Adventure, Drama, Sci-Fi", "169", "PG-13", "movie", "", "", "", "", "", "", "", "", "", "", "", "", "", "", "", "", "", "", "", "", "", ""
"18", "GoodFellas", "8.7", "https://www.imdb.com/title/tt0099685/", "https://m.media-amazon.com/images/M/MV5BN2E5NzI2ZGMtY2VjNi00YTRjLWI1MDUtZGY5OWU1MWJjZjRjXkEyXkFqcGc@._V1_.jpg", "The story of Henry Hill and his life in the mafia, covering his relationship with his wife Karen and his mob partners Jimmy Conway and Tommy DeVito.", "Biography, Crime, Drama", "145", "R", "movie", "", "", "", "", "", "", "", "", "", "", "", "", "", "", "", "", "", "", "", "", "", ""
"19", "One Flew Over the Cuckoo&apos;s Nest", "8.6", "https://www.imdb.com/title/tt0073486/", "https://m.media-amazon.com/images/M/MV5BYjBkMjgzMzYtNzRiMS00NDc3LWE4YTUtZjYxYjZhNjNhYzhhXkEyXkFqcGc@._V1_.jpg", "A rebellious convict is sent to a psychiatric hospital for evaluation in 1963 Oregon, and encourages his docile companions to take more control of their lives and defy the tyrannical head nurse.", "Drama", "133", "R", "movie", "", "", "", "", "", "", "", "", "", "", "", "", "", "", "", "", "", "", "", "", "", ""
"20", "Se7en", "8.6", "https://www.imdb.com/title/tt0114369/", "https://m.media-amazon.com/images/M/MV5BY2IzNzMxZjctZjUxZi00YzAxLTk3ZjMtODFjODdhMDU5NDM1XkEyXkFqcGc@._V1_.jpg", "Two detectives try to track down a serial killer who chooses his victims based on the Seven Deadly Sins.", "Crime, Drama, Mystery", "127", "R", "movie", "", "", "", "", "", "", "", "", "", "", "", "", "", "", "", "", "", "", "", "", "", ""
"21", "It&apos;s a Wonderful Life", "8.6", "https://www.imdb.com/title/tt0038650/", "https://m.media-amazon.com/images/M/MV5BMDM4OWFhYjEtNTE5Yy00NjcyLTg5N2UtZDQwNDZlYjlmNDU5XkEyXkFqcGc@._V1_.jpg", "An angel is sent from Heaven to help a desperately frustrated businessman see the value of his own life.", "Drama, Family, Fantasy", "130", "PG", "movie", "", "", "", "", "", "", "", "", "", "", "", "", "", "", "", "", "", "", "", "", "", ""
"22", "The Silence of the Lambs", "8.6", "https://www.imdb.com/title/tt0102926/", "https://m.media-amazon.com/images/M/MV5BNDdhOGJhYzctYzYwZC00YmI2LWI0MjctYjg4ODdlMDExYjBlXkEyXkFqcGc@._V1_.jpg", "A young FBI cadet is aided by a manipulative cannibal killer in her pursuit of a madman who skins his victims.", "Crime, Drama, Horror", "118", "R", "movie", "", "", "", "", "", "", "", "", "", "", "", "", "", "", "", "", "", "", "", "", "", ""
"23", "Saving Private Ryan", "8.6", "https://www.imdb.com/title/tt0120815/", "https://m.media-amazon.com/images/M/MV5BZGZhZGQ1ZWUtZTZjYS00MDJhLWFkYjctN2ZlYjE5NWYwZDM2XkEyXkFqcGc@._V1_.jpg", "Following the Normandy Landings, a group of U.S. soldiers go behind enemy lines to retrieve a paratrooper whose brothers have been killed in action.", "Drama, War", "169", "R", "movie", "", "", "", "", "", "", "", "", "", "", "", "", "", "", "", "", "", "", "", "", "", ""
"24", "Shichinin no samurai", "8.6", "https://www.imdb.com/title/tt0047478/", "https://m.media-amazon.com/images/M/MV5BZjliMWExOTMtZDQ3ZS00NWU3LWIyN2EtMjllNzk3ZTNlYzg4XkEyXkFqcGc@._V1_.jpg", "Farmers from a village exploited by bandits hire a veteran samurai for protection, and he gathers six other samurai to join him.", "Action, Drama", "207", "Not Rated", "movie", "", "", "", "", "", "", "", "", "", "", "", "", "", "", "", "", "", "", "", "", "", ""
"25", "The Green Mile", "8.6", "https://www.imdb.com/title/tt0120689/", "https://m.media-amazon.com/images/M/MV5BMTUxMzQyNjA5MF5BMl5BanBnXkFtZTYwOTU2NTY3._V1_.jpg", "A death row guard learns that a gentle giant in his charge possesses a mysterious gift.", "Crime, Drama, Fantasy", "189", "R", "movie", "", "", "", "", "", "", "", "", "", "", "", "", "", "", "", "", "", "", "", "", "", ""
"26", "Cidade de Deus", "8.6", "https://www.imdb.com/title/tt0317248/", "https://m.media-amazon.com/images/M/MV5BYjY4NGI5OTUtY2ZlZS00Zjk4LTk5N2MtN2JmYWVjNGNmMGRlXkEyXkFqcGc@._V1_.jpg", "In the slums of Rio, two kids&apos; paths diverge as one struggles to become a photographer and the other a kingpin.", "Crime, Drama", "130", "R", "movie", "", "", "", "", "", "", "", "", "", "", "", "", "", "", "", "", "", "", "", "", "", ""
"27", "La vita è bella", "8.6", "https://www.imdb.com/title/tt0118799/", "https://m.media-amazon.com/images/M/MV5BZTBhOGYzZjQtYzE0Mi00MGIwLWE0MWYtNzMxNTM2OTFkM2NjXkEyXkFqcGc@._V1_.jpg", "When an open-minded Jewish waiter and his son become victims of the Holocaust, he uses a perfect mixture of will, humor and imagination to protect his son from the dangers around their camp.", "Comedy, Drama, Romance", "116", "PG-13", "movie", "", "", "", "", "", "", "", "", "", "", "", "", "", "", "", "", "", "", "", "", "", ""
"28", "Terminator 2: Judgment Day", "8.6", "https://www.imdb.com/title/tt0103064/", "https://m.media-amazon.com/images/M/MV5BNGMyMGNkMDUtMjc2Ni00NWFlLTgyODEtZTY2MzBiZTg0OWZiXkEyXkFqcGc@._V1_.jpg", "A cyborg from the future, identical to the one who failed to kill Sarah Connor, must now protect her ten-year-old son John from an even more advanced and powerful cyborg.", "Action, Adventure, Sci-Fi", "137", "R", "movie", "", "", "", "", "", "", "", "", "", "", "", "", "", "", "", "", "", "", "", "", "", ""
"29", "Back to the Future", "8.5", "https://www.imdb.com/title/tt0088763/", "https://m.media-amazon.com/images/M/MV5BZmM3ZjE0NzctNjBiOC00MDZmLTgzMTUtNGVlOWFlOTNiZDJiXkEyXkFqcGc@._V1_.jpg", "Marty McFly, a 17-year-old high school student, is accidentally sent 30 years into the past in a time-traveling DeLorean invented by his close friend, the maverick scientist Doc Brown.", "Adventure, Comedy, Sci-Fi", "116", "PG", "movie", "", "", "", "", "", "", "", "", "", "", "", "", "", "", "", "", "", "", "", "", "", ""
"30", "Star Wars", "8.6", "https://www.imdb.com/title/tt0076759/", "https://m.media-amazon.com/images/M/MV5BOGUwMDk0Y2MtNjBlNi00NmRiLTk2MWYtMGMyMDlhYmI4ZDBjXkEyXkFqcGc@._V1_.jpg", "A farmboy joins forces with various allies to save their galaxy from the evil Empire&apos;s planet-destroying battle station, while also rescuing the princess leading the rebellion against them.", "Action, Adventure, Fantasy", "121", "PG", "movie", "", "", "", "", "", "", "", "", "", "", "", "", "", "", "", "", "", "", "", "", "", ""
"31", "Kill Bill: The Whole Bloody Affair", "8.7", "https://www.imdb.com/title/tt6019206/", "https://m.media-amazon.com/images/M/MV5BZDc2YzhkODAtZmRmZS00YzcxLWJkYWEtM2ZhZjY3MmMyZmJiXkEyXkFqcGc@._V1_.jpg", "A female assassin seeks revenge on her former lover and squad members, all of whom left her for dead.", "Action, Crime, Thriller", "253", "Unrated", "movie", "", "", "", "", "", "", "", "", "", "", "", "", "", "", "", "", "", "", "", "", "", ""
"32", "Sen to Chihiro no kamikakushi", "8.6", "https://www.imdb.com/title/tt0245429/", "https://m.media-amazon.com/images/M/MV5BNTEyNmEwOWUtYzkyOC00ZTQ4LTllZmUtMjk0Y2YwOGUzYjRiXkEyXkFqcGc@._V1_.jpg", "During her family&apos;s move to the suburbs, a sullen 10-year-old girl wanders into a world ruled by gods, witches and spirits, and where humans are changed into beasts.", "Animation, Adventure, Family", "124", "PG", "movie", "", "", "", "", "", "", "", "", "", "", "", "", "", "", "", "", "", "", "", "", "", ""
"33", "Gladiator", "8.5", "https://www.imdb.com/title/tt0172495/", "https://m.media-amazon.com/images/M/MV5BYWQ4YmNjYjEtOWE1Zi00Y2U4LWI4NTAtMTU0MjkxNWQ1ZmJiXkEyXkFqcGc@._V1_.jpg", "A former Roman General sets out to exact vengeance against the corrupt emperor who murdered his family and sent him into slavery.", "Action, Adventure, Drama", "155", "R", "movie", "", "", "", "", "", "", "", "", "", "", "", "", "", "", "", "", "", "", "", "", "", ""
"34", "The Pianist", "8.5", "https://www.imdb.com/title/tt0253474/", "https://m.media-amazon.com/images/M/MV5BMjEwNmEwYjgtNTk3ZC00NjljLTg5ZDctZTY3ZGQwZjRkZmQxXkEyXkFqcGc@._V1_.jpg", "During WWII, acclaimed Polish musician Wladyslaw faces various struggles as he loses contact with his family. As the situation worsens, he hides in the ruins of Warsaw in order to survive.", "Biography, Drama, Music", "150", "R", "movie", "", "", "", "", "", "", "", "", "", "", "", "", "", "", "", "", "", "", "", "", "", ""
"35", "Gisaengchung", "8.5", "https://www.imdb.com/title/tt6751668/", "https://m.media-amazon.com/images/M/MV5BYjk1Y2U4MjQtY2ZiNS00OWQyLWI3MmYtZWUwNmRjYWRiNWNhXkEyXkFqcGc@._V1_.jpg", "Greed and class discrimination threaten the newly formed symbiotic relationship between the wealthy Park family and the destitute Kim clan.", "Drama, Thriller", "132", "R", "movie", "", "", "", "", "", "", "", "", "", "", "", "", "", "", "", "", "", "", "", "", "", ""
"36", "Hotaru no haka", "8.5", "https://www.imdb.com/title/tt0095327/", "https://m.media-amazon.com/images/M/MV5BNTY5MmE2OGMtN2IxNC00MDY4LTkwMGEtZDUzOTYyNWE0ZTNjXkEyXkFqcGc@._V1_.jpg", "A young boy and his little sister struggle to survive in Japan during World War II.", "Animation, Drama, War", "88", "Not Rated", "movie", "", "", "", "", "", "", "", "", "", "", "", "", "", "", "", "", "", "", "", "", "", ""
"37", "Seppuku", "8.6", "https://www.imdb.com/title/tt0056058/", "https://m.media-amazon.com/images/M/MV5BZThiZjU5ZDQtZDI4Mi00ZGYyLTkzOTktYmIzZTFlZTkxYzg5XkEyXkFqcGc@._V1_.jpg", "When a ronin requesting seppuku at a feudal lord&apos;s palace is told of the brutal suicide of another ronin who previously visited, he reveals how their pasts are intertwined - and in doing so challenges the clan&apos;s integrity.", "Drama, Mystery", "133", "Not Rated", "movie", "", "", "", "", "", "", "", "", "", "", "", "", "", "", "", "", "", "", "", "", "", ""
"38", "Psycho", "8.5", "https://www.imdb.com/title/tt0054215/", "https://m.media-amazon.com/images/M/MV5BYjZhMzFiZjItODA3ZC00MmRhLWIzMGYtMmVjOWUwYTA3MTRjXkEyXkFqcGc@._V1_.jpg", "A secretary on the run for embezzlement takes refuge at a secluded California motel owned by a repressed man and his overbearing mother.", "Drama, Horror, Mystery", "109", "R", "movie", "", "", "", "", "", "", "", "", "", "", "", "", "", "", "", "", "", "", "", "", "", ""
"39", "The Lion King", "8.5", "https://www.imdb.com/title/tt0110357/", "https://m.media-amazon.com/images/M/MV5BZGRiZDZhZjItM2M3ZC00Y2IyLTk3Y2MtMWY5YjliNDFkZTJlXkEyXkFqcGc@._V1_.jpg", "Lion prince Simba and his father are targeted by his bitter uncle, who wants to ascend the throne himself.", "Animation, Adventure, Drama", "88", "G", "movie", "", "", "", "", "", "", "", "", "", "", "", "", "", "", "", "", "", "", "", "", "", ""
"40", "The Departed", "8.5", "https://www.imdb.com/title/tt0407887/", "https://m.media-amazon.com/images/M/MV5BMTI1MTY2OTIxNV5BMl5BanBnXkFtZTYwNjQ4NjY3._V1_.jpg", "An undercover cop and a mole in the police attempt to identify each other while infiltrating an Irish gang in South Boston.", "Crime, Drama, Thriller", "151", "R", "movie", "", "", "", "", "", "", "", "", "", "", "", "", "", "", "", "", "", "", "", "", "", ""
"41", "Whiplash", "8.5", "https://www.imdb.com/title/tt2582802/", "https://m.media-amazon.com/images/M/MV5BMDFjOWFkYzktYzhhMC00NmYyLTkwY2EtYjViMDhmNzg0OGFkXkEyXkFqcGc@._V1_.jpg", "A promising young drummer enrolls at a cut-throat music conservatory where his dreams of greatness are mentored by an instructor who will stop at nothing to realize a student&apos;s potential.", "Drama, Music", "106", "R", "movie", "", "", "", "", "", "", "", "", "", "", "", "", "", "", "", "", "", "", "", "", "", ""
"42", "The Prestige", "8.5", "https://www.imdb.com/title/tt0482571/", "https://m.media-amazon.com/images/M/MV5BM2Y0YmM5MWYtZTYzNi00ZjU5LTlmOGYtZDQ4ODQyMjAzNjQ2XkEyXkFqcGc@._V1_.jpg", "Two magicians dismantle their lives to outmaneuver each other following a shared tragedy. They chase the ultimate illusion across Victorian London, sacrificing sanity and safety to master a teleportation feat that defies all logic.", "Drama, Mystery, Sci-Fi", "130", "PG-13", "movie", "", "", "", "", "", "", "", "", "", "", "", "", "", "", "", "", "", "", "", "", "", ""
"43", "American History X", "8.5", "https://www.imdb.com/title/tt0120586/", "https://m.media-amazon.com/images/M/MV5BMzhiOTQ0NDItOTg0Zi00OGVmLWE0OGEtMTI4NDM0NWMxZWU4XkEyXkFqcGc@._V1_.jpg", "A neo-Nazi is released from prison a changed man and hopes to prevent his younger brother from following in his footsteps.", "Crime, Drama", "119", "R", "movie", "", "", "", "", "", "", "", "", "", "", "", "", "", "", "", "", "", "", "", "", "", ""
"44", "Spider-Man: Across the Spider-Verse", "8.5", "https://www.imdb.com/title/tt9362722/", "https://m.media-amazon.com/images/M/MV5BNThiZjA3MjItZGY5Ni00ZmJhLWEwN2EtOTBlYTA4Y2E0M2ZmXkEyXkFqcGc@._V1_.jpg", "Traveling across the multiverse, Miles Morales meets a new team of Spider-People, made up of heroes from different dimensions. But when the heroes clash over how to deal with a new threat, Miles finds himself at a crossroads.", "Animation, Action, Adventure", "140", "PG", "movie", "", "", "", "", "", "", "", "", "", "", "", "", "", "", "", "", "", "", "", "", "", ""
"45", "Léon", "8.5", "https://www.imdb.com/title/tt0110413/", "https://m.media-amazon.com/images/M/MV5BNGRkYTNhOWQtYmI0Ni00MjZhLWJmMzAtMTA2Mjg4NGNiNDU0XkEyXkFqcGc@._V1_.jpg", "When her family is murdered by a group of corrupt officers led by the tyrannical Norman Stansfield, a young 12-year-old girl enlists the help of an Italian-American hitman to seek revenge.", "Action, Crime, Drama", "110", "R", "movie", "", "", "", "", "", "", "", "", "", "", "", "", "", "", "", "", "", "", "", "", "", ""
"46", "Nuovo Cinema Paradiso", "8.5", "https://www.imdb.com/title/tt0095765/", "https://m.media-amazon.com/images/M/MV5BMTljNzc4YWEtYTZlMS00ODMyLWIwMTAtNWQxY2VkMDEwYTk5XkEyXkFqcGc@._V1_.jpg", "Salvatore, a famous film director, returns to his hometown for the funeral of the local theater&apos;s film projectionist, Alfredo. He reminisces about his life as a young boy falling in love with cinema.", "Drama, Romance", "174", "PG", "movie", "", "", "", "", "", "", "", "", "", "", "", "", "", "", "", "", "", "", "", "", "", ""
"47", "Casablanca", "8.5", "https://www.imdb.com/title/tt0034583/", "https://m.media-amazon.com/images/M/MV5BNWEzN2U1YTYtYTQyMS00NTVkLWE2NGQtZWFlMmM0MDNjMmRiXkEyXkFqcGc@._V1_.jpg", "A cynical expatriate American cafe owner struggles to decide whether or not to help his former lover and her fugitive husband escape the Nazis in French Morocco.", "Drama, Romance, War", "102", "PG", "movie", "", "", "", "", "", "", "", "", "", "", "", "", "", "", "", "", "", "", "", "", "", ""
"48", "Intouchables", "8.5", "https://www.imdb.com/title/tt1675434/", "https://m.media-amazon.com/images/M/MV5BMTYxNDA3MDQwNl5BMl5BanBnXkFtZTcwNTU4Mzc1Nw@@._V1_.jpg", "After he becomes a quadriplegic from a paragliding accident, an aristocrat hires a young man from the projects to be his caregiver.", "Comedy, Drama", "112", "R", "movie", "", "", "", "", "", "", "", "", "", "", "", "", "", "", "", "", "", "", "", "", "", ""
"49", "The Usual Suspects", "8.5", "https://www.imdb.com/title/tt0114814/", "https://m.media-amazon.com/images/M/MV5BOTE5MDUxZDUtZWZmZC00NDVmLWFhOGQtNWI2YTc4NzY3MGQ0XkEyXkFqcGc@._V1_.jpg", "The sole survivor of a pier shoot-out tells the story of how a notorious criminal influenced the events that began with five criminals meeting in a seemingly random police lineup.", "Crime, Drama, Mystery", "106", "R", "movie", "", "", "", "", "", "", "", "", "", "", "", "", "", "", "", "", "", "", "", "", "", ""
"50", "Django Unchained", "8.5", "https://www.imdb.com/title/tt1853728/", "https://m.media-amazon.com/images/M/MV5BMjIyNTQ5NjQ1OV5BMl5BanBnXkFtZTcwODg1MDU4OA@@._V1_.jpg", "With the help of a German bounty-hunter, a freed slave sets out to rescue his wife from a brutal plantation owner in Mississippi.", "Drama, Western", "165", "R", "movie", "", "", "", "", "", "", "", "", "", "", "", "", "", "", "", "", "", "", "", "", "", ""
"51", "Alien", "8.4", "https://www.imdb.com/title/tt0078748/", "https://m.media-amazon.com/images/M/MV5BN2NhMDk2MmEtZDQzOC00MmY5LThhYzAtMDdjZGFjOGZjMjdjXkEyXkFqcGc@._V1_.jpg", "After investigating a mysterious transmission of unknown origin, the crew of a commercial spacecraft encounters a deadly lifeform.", "Horror, Sci-Fi", "117", "R", "movie", "", "", "", "", "", "", "", "", "", "", "", "", "", "", "", "", "", "", "", "", "", ""
"52", "Rear Window", "8.4", "https://www.imdb.com/title/tt0047396/", "https://m.media-amazon.com/images/M/MV5BODZhOWI1ODgtMzdiOS00YjNkLTgwOGUtYmIyZDg5ZmQwMzQ1XkEyXkFqcGc@._V1_.jpg", "A bored photographer recovering from a broken leg passes the time by watching his neighbors and begins to suspect one of them of murder.", "Drama, Mystery, Thriller", "112", "PG", "movie", "", "", "", "", "", "", "", "", "", "", "", "", "", "", "", "", "", "", "", "", "", ""
"53", "Modern Times", "8.5", "https://www.imdb.com/title/tt0027977/", "https://m.media-amazon.com/images/M/MV5BODVkZGFhNGQtYjdiYi00Njc4LWFmYTItNTlmNzJjMTg1ZDc5XkEyXkFqcGc@._V1_.jpg", "The Tramp struggles to live in modern industrial society with the help of a young homeless woman.", "Comedy, Drama, Romance", "87", "G", "movie", "", "", "", "", "", "", "", "", "", "", "", "", "", "", "", "", "", "", "", "", "", ""
"54", "C&apos;era una volta il West", "8.5", "https://www.imdb.com/title/tt0064116/", "https://m.media-amazon.com/images/M/MV5BZjYyNGY1MDEtN2I1MC00MGVhLTljZTYtODQ1NzQ0ODc2NzZlXkEyXkFqcGc@._V1_.jpg", "A mysterious stranger with a harmonica teams up with a notorious desperado to protect a beautiful widow and her land from a ruthless assassin in the employ of a railroad tycoon.", "Drama, Western", "145", "PG-13", "movie", "", "", "", "", "", "", "", "", "", "", "", "", "", "", "", "", "", "", "", "", "", ""
"55", "City Lights", "8.5", "https://www.imdb.com/title/tt0021749/", "https://m.media-amazon.com/images/M/MV5BM2U4NjgzODUtODkyOC00YTE2LTlhNTItYzFlYmM1NTEzZDA2XkEyXkFqcGc@._V1_.jpg", "With the aid of a wealthy erratic tippler, a dewy-eyed tramp who has fallen in love with a blind flower girl accumulates money to be able to help her medically.", "Comedy, Drama, Romance", "87", "G", "movie", "", "", "", "", "", "", "", "", "", "", "", "", "", "", "", "", "", "", "", "", "", ""
"56", "WALL·E", "8.4", "https://www.imdb.com/title/tt0910970/", "https://m.media-amazon.com/images/M/MV5BMjExMTg5OTU0NF5BMl5BanBnXkFtZTcwMjMxMzMzMw@@._V1_.jpg", "In a future where humans have temporarily abandoned Earth, a trash-compacting robot falls in love with a flying droid and helps her on her quest to restore hope to mankind.", "Animation, Adventure, Family", "98", "G", "movie", "", "", "", "", "", "", "", "", "", "", "", "", "", "", "", "", "", "", "", "", "", ""
"57", "Apocalypse Now", "8.4", "https://www.imdb.com/title/tt0078788/", "https://m.media-amazon.com/images/M/MV5BZDhiMTljYjYtODc1Yy00MmEwLTg2OTYtYmE1YTRmNDE4MmEwXkEyXkFqcGc@._V1_.jpg", "A U.S. Army officer serving in Vietnam is tasked with assassinating a renegade Special Forces Colonel who sees himself as a god.", "Drama, Mystery, War", "147", "R", "movie", "", "", "", "", "", "", "", "", "", "", "", "", "", "", "", "", "", "", "", "", "", ""
"58", "Memento", "8.4", "https://www.imdb.com/title/tt0209144/", "https://m.media-amazon.com/images/M/MV5BMGQ3Y2Q4NjktN2E4Ny00Y2Q2LTliZDUtZTNiNjRhY2I0NGIyXkEyXkFqcGc@._V1_.jpg", "A former insurance investigator who now suffers from anterograde amnesia uses notes and tattoos to hunt down his wife&apos;s murderer.", "Mystery, Thriller", "113", "R", "movie", "", "", "", "", "", "", "", "", "", "", "", "", "", "", "", "", "", "", "", "", "", ""
"59", "The Odyssey", "8.4", "https://www.imdb.com/title/tt33764258/", "https://m.media-amazon.com/images/M/MV5BNTcyNmJlZmQtNDUwYy00NDBjLTg1NGQtYTY2Y2UxMWM3NmI1XkEyXkFqcGc@._V1_.jpg", "After the Trojan War, Odysseus faces a dangerous voyage back to Ithaca, meeting creatures like the Cyclops Polyphemus, Sirens, and Calypso along the way.", "Action, Adventure, Fantasy", "172", "R", "movie", "", "", "", "", "", "", "", "", "", "", "", "", "", "", "", "", "", "", "", "", "", ""
"60", "Avengers: Infinity War", "8.4", "https://www.imdb.com/title/tt4154756/", "https://m.media-amazon.com/images/M/MV5BMjMxNjY2MDU1OV5BMl5BanBnXkFtZTgwNzY1MTUwNTM@._V1_.jpg", "The Avengers and their allies must be willing to sacrifice all in an attempt to defeat the powerful Thanos before his blitz of devastation and ruin puts an end to the universe.", "Action, Adventure, Sci-Fi", "149", "PG-13", "movie", "", "", "", "", "", "", "", "", "", "", "", "", "", "", "", "", "", "", "", "", "", ""
"61", "Dune: Part Two", "8.4", "https://www.imdb.com/title/tt15239678/", "https://m.media-amazon.com/images/M/MV5BNTc0YmQxMjEtODI5MC00NjFiLTlkMWUtOGQ5NjFmYWUyZGJhXkEyXkFqcGc@._V1_.jpg", "Paul Atreides unites with the Fremen while on a warpath of revenge against the conspirators who destroyed his family. Facing a choice between the love of his life and the fate of the universe, he endeavors to prevent a terrible fu...", "Action, Adventure, Drama", "166", "PG-13", "movie", "", "", "", "", "", "", "", "", "", "", "", "", "", "", "", "", "", "", "", "", "", ""
"62", "Raiders of the Lost Ark", "8.4", "https://www.imdb.com/title/tt0082971/", "https://m.media-amazon.com/images/M/MV5BOGNhMjg2ZjgtYzk4Ni00MTViLTg1MmUtYzM2MDZiYjZlMmU3XkEyXkFqcGc@._V1_.jpg", "In 1936, archaeologist Indiana Jones is tasked by Army Intelligence to help locate a legendary ancient power, the Ark of Covenant, before the Nazis get it first.", "Adventure", "115", "PG", "movie", "", "", "", "", "", "", "", "", "", "", "", "", "", "", "", "", "", "", "", "", "", ""
"63", "Spider-Man: Into the Spider-Verse", "8.4", "https://www.imdb.com/title/tt4633694/", "https://m.media-amazon.com/images/M/MV5BMjMwNDkxMTgzOF5BMl5BanBnXkFtZTgwNTkwNTQ3NjM@._V1_.jpg", "Teen Miles Morales becomes the Spider-Man of his universe and must join with five spider-powered individuals from other dimensions to stop a threat for all realities.", "Animation, Action, Adventure", "117", "PG", "movie", "", "", "", "", "", "", "", "", "", "", "", "", "", "", "", "", "", "", "", "", "", ""
"64", "Das Leben der Anderen", "8.4", "https://www.imdb.com/title/tt0405094/", "https://m.media-amazon.com/images/M/MV5BYjM1N2Q0YWEtN2E5MC00NDM3LTk2NTEtMTc1NTk5OTA5ZGIzXkEyXkFqcGc@._V1_.jpg", "In 1984 East Berlin, an agent of the secret police conducting surveillance on a writer and his lover finds himself becoming increasingly absorbed by their lives.", "Drama, Mystery, Thriller", "137", "R", "movie", "", "", "", "", "", "", "", "", "", "", "", "", "", "", "", "", "", "", "", "", "", ""
"65", "Sunset Blvd.", "8.4", "https://www.imdb.com/title/tt0043014/", "https://m.media-amazon.com/images/M/MV5BMTU0NTkyNzYwMF5BMl5BanBnXkFtZTgwMDU0NDk5MTI@._V1_.jpg", "A failed screenwriter falls into a mercenary romance with a faded silent-film star.", "Drama, Film-Noir", "110", "Approved", "movie", "", "", "", "", "", "", "", "", "", "", "", "", "", "", "", "", "", "", "", "", "", ""
"66", "Witness for the Prosecution", "8.4", "https://www.imdb.com/title/tt0051201/", "https://m.media-amazon.com/images/M/MV5BNjRhNTQzMzQtMWViMi00ODQ1LTg0MTEtYWE4ZWZlYjM4YjJhXkEyXkFqcGc@._V1_.jpg", "A veteran British barrister must defend his client in a murder trial that has surprise after surprise.", "Crime, Drama, Mystery", "116", "Approved", "movie", "", "", "", "", "", "", "", "", "", "", "", "", "", "", "", "", "", "", "", "", "", ""
"67", "Paths of Glory", "8.4", "https://www.imdb.com/title/tt0050825/", "https://m.media-amazon.com/images/M/MV5BNmQ2NmI2ODYtMDQzNS00NzQyLTkzZjgtZmZlYTQ5MTc1OWU3XkEyXkFqcGc@._V1_.jpg", "A colonel defends three of his soldiers in a court-martial after they abandon a suicidal attack.", "Drama, War", "88", "Approved", "movie", "", "", "", "", "", "", "", "", "", "", "", "", "", "", "", "", "", "", "", "", "", ""
"68", "The Shining", "8.4", "https://www.imdb.com/title/tt0081505/", "https://m.media-amazon.com/images/M/MV5BNmM5ZThhY2ItOGRjOS00NzZiLWEwYTItNDgyMjFkOTgxMmRiXkEyXkFqcGc@._V1_.jpg", "A family heads to an isolated hotel for the winter, where a sinister presence influences the father into violence. At the same time, his psychic son sees horrifying forebodings from both the past and the future.", "Drama, Horror", "146", "R", "movie", "", "", "", "", "", "", "", "", "", "", "", "", "", "", "", "", "", "", "", "", "", ""
"69", "Inglourious Basterds", "8.4", "https://www.imdb.com/title/tt0361748/", "https://m.media-amazon.com/images/M/MV5BODZhMWJlNjYtNDExNC00MTIzLTllM2ItOGQ2NGVjNDQ3MzkzXkEyXkFqcGc@._V1_.jpg", "In Nazi-occupied France during World War II, a plan to assassinate Nazi leaders by a group of Jewish U.S. soldiers coincides with a theatre owner&apos;s vengeful plans for the same.", "Drama, War", "153", "R", "movie", "", "", "", "", "", "", "", "", "", "", "", "", "", "", "", "", "", "", "", "", "", ""
"70", "The Great Dictator", "8.4", "https://www.imdb.com/title/tt0032553/", "https://m.media-amazon.com/images/M/MV5BMjc4ZjEwNDUtMjlmZS00NzQ4LTg2N2MtMGI3ZjMyMmM3ZDM2XkEyXkFqcGc@._V1_.jpg", "Dictator Adenoid Hynkel tries to expand his empire while a poor Jewish barber tries to avoid persecution from Hynkel&apos;s regime.", "Comedy, Drama, War", "125", "G", "movie", "", "", "", "", "", "", "", "", "", "", "", "", "", "", "", "", "", "", "", "", "", ""
"71", "Aliens", "8.4", "https://www.imdb.com/title/tt0090605/", "https://m.media-amazon.com/images/M/MV5BN2ZiMmQ0YWItN2IwZS00Y2NhLWE0NzQtNGNiOGFjN2U4MWNmXkEyXkFqcGc@._V1_.jpg", "Decades after surviving the Nostromo incident, Ellen Ripley is sent out to re-establish contact with a terraforming colony but finds herself battling the Alien Queen and her offspring.", "Action, Adventure, Horror", "137", "R", "movie", "", "", "", "", "", "", "", "", "", "", "", "", "", "", "", "", "", "", "", "", "", ""
"72", "12th Fail", "8.7", "https://www.imdb.com/title/tt23849204/", "https://m.media-amazon.com/images/M/MV5BNTE3OTIxZDYtNjA0NC00N2YxLTg1NGQtOTYxNmZkMDkwOWNjXkEyXkFqcGc@._V1_.jpg", "The real-life story of IPS Officer Manoj Kumar Sharma and IRS Officer Shraddha Joshi.", "Biography, Drama", "147", "", "movie", "", "", "", "", "", "", "", "", "", "", "", "", "", "", "", "", "", "", "", "", "", ""
"73", "Tengoku to jigoku", "8.4", "https://www.imdb.com/title/tt0057565/", "https://m.media-amazon.com/images/M/MV5BOTFmOTNjYjUtMDA2MC00ZTJiLThiYzktNDdjNzQwMjNkN2NmXkEyXkFqcGc@._V1_.jpg", "An executive of a Yokohama shoe company becomes a victim of extortion when his chauffeur&apos;s son is kidnapped by mistake and held for ransom.", "Crime, Drama, Mystery", "143", "Not Rated", "movie", "", "", "", "", "", "", "", "", "", "", "", "", "", "", "", "", "", "", "", "", "", ""
"74", "Avengers: Endgame", "8.4", "https://www.imdb.com/title/tt4154796/", "https://m.media-amazon.com/images/M/MV5BMWEyNDM2ZmQtMmFkNi00MTQ1LTk1MjItMzdlZGJlYmIyYzZlXkEyXkFqcGc@._V1_.jpg", "After the devastating events of Avengers: Infinity War (2018), the universe is in ruins. With the help of remaining allies, the Avengers assemble once more in order to reverse Thanos&apos; actions and restore balance to the universe.", "Action, Adventure, Sci-Fi", "181", "PG-13", "movie", "", "", "", "", "", "", "", "", "", "", "", "", "", "", "", "", "", "", "", "", "", ""
"75", "Good Will Hunting", "8.4", "https://www.imdb.com/title/tt0119217/", "https://m.media-amazon.com/images/M/MV5BNDdjZGQ5YzEtNTc2My00Mjc0LWFlMTctYzkwMzZlNzdiZWYzXkEyXkFqcGc@._V1_.jpg", "A therapist counsels Will Hunting, a janitor with a genius IQ.", "Drama, Romance", "126", "R", "movie", "", "", "", "", "", "", "", "", "", "", "", "", "", "", "", "", "", "", "", "", "", ""
"76", "Coco", "8.4", "https://www.imdb.com/title/tt2380307/", "https://m.media-amazon.com/images/M/MV5BMDIyM2E2NTAtMzlhNy00ZGUxLWI1NjgtZDY5MzhiMDc5NGU3XkEyXkFqcGc@._V1_.jpg", "Aspiring musician Miguel, confronted with his family&apos;s ancestral ban on music, enters the Land of the Dead to find his great-great-grandfather, a legendary singer.", "Animation, Adventure, Drama", "105", "PG", "movie", "", "", "", "", "", "", "", "", "", "", "", "", "", "", "", "", "", "", "", "", "", ""
"77", "Toy Story", "8.3", "https://www.imdb.com/title/tt0114709/", "https://m.media-amazon.com/images/M/MV5BZTA3OWVjOWItNjE1NS00NzZiLWE1MjgtZDZhMWI1ZTlkNzYwXkEyXkFqcGc@._V1_.jpg", "A cowboy doll is profoundly jealous when a new spaceman action figure supplants him as the top toy in a boy&apos;s bedroom. When circumstances separate them from their owner, the duo have to put aside their differences to return to him.", "Animation, Adventure, Comedy", "81", "G", "movie", "", "", "", "", "", "", "", "", "", "", "", "", "", "", "", "", "", "", "", "", "", ""
"78", "The Dark Knight Rises", "8.4", "https://www.imdb.com/title/tt1345836/", "https://m.media-amazon.com/images/M/MV5BMTk4ODQzNDY3Ml5BMl5BanBnXkFtZTcwODA0NTM4Nw@@._V1_.jpg", "Bane, an imposing terrorist, attacks Gotham City and disrupts its eight-year-long period of peace. This forces Bruce Wayne to come out of hiding and don the cape and cowl of Batman again.", "Crime, Thriller", "164", "PG-13", "movie", "", "", "", "", "", "", "", "", "", "", "", "", "", "", "", "", "", "", "", "", "", ""
"79", "Amadeus", "8.4", "https://www.imdb.com/title/tt0086879/", "https://m.media-amazon.com/images/M/MV5BMzc2MjM0NTMtOGY4NC00NzY1LWE2ODUtZjMzY2RhNGNkZDAyXkEyXkFqcGc@._V1_.jpg", "In 18th-century Vienna, court composer Antonio Salieri becomes awed and consumed by envy when the gifted, irreverent Wolfgang Amadeus Mozart bursts onto the imperial music scene.", "Biography, Drama, Music", "160", "PG", "movie", "", "", "", "", "", "", "", "", "", "", "", "", "", "", "", "", "", "", "", "", "", ""
"80", "Kimi no na wa.", "8.4", "https://www.imdb.com/title/tt5311514/", "https://m.media-amazon.com/images/M/MV5BMjI1ODZkYTgtYTY3Yy00ZTJkLWFkOTgtZDUyYWM4MzQwNjk0XkEyXkFqcGc@._V1_.jpg", "Two teenagers, a city boy in Tokyo and a girl in rural Japan, mysteriously begin swapping bodies, forging a connection that sends them searching for one another.", "Animation, Drama, Fantasy", "106", "", "movie", "", "", "", "", "", "", "", "", "", "", "", "", "", "", "", "", "", "", "", "", "", ""
"81", "3 Idiots", "8.4", "https://www.imdb.com/title/tt1187043/", "https://m.media-amazon.com/images/M/MV5BNzc4ZWQ3NmYtODE0Ny00YTQ4LTlkZWItNTBkMGQ0MmUwMmJlXkEyXkFqcGc@._V1_.jpg", "Two friends search for a brilliant, free-spirited classmate whose unconventional approach to engineering school changed their lives and challenged a rigid education system.", "Comedy, Drama", "170", "PG-13", "movie", "", "", "", "", "", "", "", "", "", "", "", "", "", "", "", "", "", "", "", "", "", ""
"82", "Das Boot", "8.3", "https://www.imdb.com/title/tt0082096/", "https://m.media-amazon.com/images/M/MV5BNGU0MWZlMTUtM2Y3Ny00NGNmLWE5NmEtN2YxOWQzMGM3ZWYzXkEyXkFqcGc@._V1_.jpg", "During World War II, a German U-boat crew embarks on a perilous Atlantic patrol, confronting enemy attacks, isolation, and the crushing strain of life underwater.", "Drama, War", "149", "", "movie", "", "", "", "", "", "", "", "", "", "", "", "", "", "", "", "", "", "", "", "", "", ""
"83", "Braveheart", "8.3", "https://www.imdb.com/title/tt0112573/", "https://m.media-amazon.com/images/M/MV5BNGMxZDBhNGQtYTZlNi00N2UzLWI4NDEtNmUzNWM2NTdmZDA0XkEyXkFqcGc@._V1_.jpg", "Scottish warrior William Wallace leads his countrymen in a rebellion to free his homeland from the tyranny of King Edward I of England.", "Drama, War", "178", "R", "movie", "", "", "", "", "", "", "", "", "", "", "", "", "", "", "", "", "", "", "", "", "", ""
"84", "Mononoke-hime", "8.3", "https://www.imdb.com/title/tt0119698/", "https://m.media-amazon.com/images/M/MV5BZTcyN2Y0MDYtMGI1NC00MWQ1LWFhZGMtN2U4NTcxZGYyNjljXkEyXkFqcGc@._V1_.jpg", "After a deadly curse forces him from home, young warrior Ashitaka journeys west and is drawn into a conflict between ancient forest spirits, an iron town, and a wolf-raised girl.", "Animation, Adventure, Fantasy", "133", "PG-13", "movie", "", "", "", "", "", "", "", "", "", "", "", "", "", "", "", "", "", "", "", "", "", ""
"85", "Oldeuboi", "8.3", "https://www.imdb.com/title/tt0364569/", "https://m.media-amazon.com/images/M/MV5BMTAwNzNjYWItZmI0Ni00ZTcyLWIwNWMtZjlmNGMxZTEyYTJmXkEyXkFqcGc@._V1_.jpg", "After being kidnapped and imprisoned for fifteen years, Oh Dae-Su is released, only to find that he must track down his captor in five days.", "Action, Drama, Mystery", "120", "R", "movie", "", "", "", "", "", "", "", "", "", "", "", "", "", "", "", "", "", "", "", "", "", ""
"86", "Dr. Strangelove or: How I Learned to Stop Worrying and Love the Bomb", "8.3", "https://www.imdb.com/title/tt0057012/", "https://m.media-amazon.com/images/M/MV5BMjFjYzBlOTktMTI2OS00ZWVhLTgxMDUtNzAwODY2NmI3YTAzXkEyXkFqcGc@._V1_.jpg", "After a rogue U.S. general orders an unauthorized nuclear attack on the Soviet Union, leaders in the War Room race to prevent global catastrophe.", "Comedy, War", "95", "PG", "movie", "", "", "", "", "", "", "", "", "", "", "", "", "", "", "", "", "", "", "", "", "", ""
"87", "American Beauty", "8.3", "https://www.imdb.com/title/tt0169547/", "https://m.media-amazon.com/images/M/MV5BMDI1MDE0OTMtMmI2MS00Yjc2LTg2MTItMWExYTg5NzA1OGUzXkEyXkFqcGc@._V1_.jpg", "A sexually frustrated suburban father has a mid-life crisis after becoming infatuated with his daughter&apos;s best friend.", "Drama", "122", "R", "movie", "", "", "", "", "", "", "", "", "", "", "", "", "", "", "", "", "", "", "", "", "", ""
"88", "Capharnaüm", "8.4", "https://www.imdb.com/title/tt8267604/", "https://m.media-amazon.com/images/M/MV5BYzEyMzQ1OTktZTljZi00OWQzLWE2ZmUtZjQyNzBjYjE1NTc0XkEyXkFqcGc@._V1_.jpg", "While serving a five-year sentence for a violent crime, a 12-year-old boy sues his parents for neglect.", "Drama", "126", "R", "movie", "", "", "", "", "", "", "", "", "", "", "", "", "", "", "", "", "", "", "", "", "", ""
"89", "Singin&apos; in the Rain", "8.3", "https://www.imdb.com/title/tt0045152/", "https://m.media-amazon.com/images/M/MV5BMGQzZDFjZWUtZDU4ZS00ZjM3LTgyYmItYjA3YmIwYzRkZWY3XkEyXkFqcGc@._V1_.jpg", "When Hollywood&apos;s silent era gives way to talkies, a dashing screen idol and a gifted newcomer navigate romance, rivalry, and the comic chaos of reinventing the movies.", "Comedy, Musical, Romance", "103", "G", "movie", "", "", "", "", "", "", "", "", "", "", "", "", "", "", "", "", "", "", "", "", "", ""
"90", "C&apos;era una volta in America", "8.3", "https://www.imdb.com/title/tt0087843/", "https://m.media-amazon.com/images/M/MV5BMDQ0ZTg2OGUtZjMyOC00M2M5LThkMmItZmM2MmUzMmIxMWJhXkEyXkFqcGc@._V1_.jpg", "A former New York gangster returns after decades in exile, confronting the friendships, dreams, and regrets that shaped his rise from street kid to Prohibition-era mobster.", "Crime, Drama", "229", "R", "movie", "", "", "", "", "", "", "", "", "", "", "", "", "", "", "", "", "", "", "", "", "", ""
"91", "Joker", "8.3", "https://www.imdb.com/title/tt7286456/", "https://m.media-amazon.com/images/M/MV5BNzY3OWQ5NDktNWQ2OC00ZjdlLThkMmItMDhhNDk3NTFiZGU4XkEyXkFqcGc@._V1_.jpg", "Arthur Fleck, a party clown and a failed stand-up comedian, leads an impoverished life with his ailing mother. However, when society shuns him and brands him as a freak, he decides to embrace the life of chaos in Gotham City.", "Drama", "122", "R", "movie", "", "", "", "", "", "", "", "", "", "", "", "", "", "", "", "", "", "", "", "", "", ""
"92", "Toy Story 3", "8.3", "https://www.imdb.com/title/tt0435761/", "https://m.media-amazon.com/images/M/MV5BMTgxOTY4Mjc0MF5BMl5BanBnXkFtZTcwNTA4MDQyMw@@._V1_.jpg", "As Andy prepares to leave for college, Woody, Buzz and the gang face an uncertain future when a mix-up sends them to a daycare center full of new toys.", "Animation, Adventure, Comedy", "103", "G", "movie", "", "", "", "", "", "", "", "", "", "", "", "", "", "", "", "", "", "", "", "", "", ""
"93", "Star Wars: Episode VI - Return of the Jedi", "8.3", "https://www.imdb.com/title/tt0086190/", "https://m.media-amazon.com/images/M/MV5BNWEwOTI0MmUtMGNmNy00ODViLTlkZDQtZTg1YmQ3MDgyNTUzXkEyXkFqcGc@._V1_.jpg", "After rescuing Han Solo from Jabba the Hutt, the Rebel Alliance attempts to destroy the second Death Star while Luke struggles to help Darth Vader back from the dark side.", "Action, Adventure, Fantasy", "131", "PG", "movie", "", "", "", "", "", "", "", "", "", "", "", "", "", "", "", "", "", "", "", "", "", ""
"94", "Idi i smotri", "8.3", "https://www.imdb.com/title/tt0091251/", "https://m.media-amazon.com/images/M/MV5BNDlkZmVkZDAtZGFmMS00OWIzLWJkY2YtNWE5NjNhNjhiZGE3XkEyXkFqcGc@._V1_.jpg", "After finding a rifle, a Belarusian teenager joins Soviet partisans in World War II and is swept into the harrowing realities of Nazi occupation.", "Drama, Thriller, War", "142", "Not Rated", "movie", "", "", "", "", "", "", "", "", "", "", "", "", "", "", "", "", "", "", "", "", "", ""
"95", "Requiem for a Dream", "8.3", "https://www.imdb.com/title/tt0180093/", "https://m.media-amazon.com/images/M/MV5BN2ZlMjIzZjctYzA2My00ZWYyLWI4ZjctMGI2NWYyNzFiZjAwXkEyXkFqcGc@._V1_.jpg", "Four Coney Island dreamers chase love, fame, and escape, but addiction and obsession begin to distort their hopes for a better life.", "Drama", "102", "NC-17", "movie", "", "", "", "", "", "", "", "", "", "", "", "", "", "", "", "", "", "", "", "", "", ""
"96", "Ikiru", "8.3", "https://www.imdb.com/title/tt0044741/", "https://m.media-amazon.com/images/M/MV5BMmNlZTk4ZjQtY2I5NS00NmNiLTlkNmUtYTc3YmE0ZTk3OGNiXkEyXkFqcGc@._V1_.jpg", "An aging Tokyo bureaucrat, shaken by a grave diagnosis, breaks from his hollow routine and searches for meaning, connection, and one worthwhile act.", "Drama", "143", "Not Rated", "movie", "", "", "", "", "", "", "", "", "", "", "", "", "", "", "", "", "", "", "", "", "", ""
"97", "Incendies", "8.3", "https://www.imdb.com/title/tt1255953/", "https://m.media-amazon.com/images/M/MV5BYWFmMjdmNjctNzhhOC00ZmMzLTkwOGItMmVmZDU4MjE2MTYwXkEyXkFqcGc@._V1_.jpg", "Twins journey to the Middle East to discover their family history and fulfill their mother&apos;s last wishes.", "Drama, Mystery, War", "131", "R", "movie", "", "", "", "", "", "", "", "", "", "", "", "", "", "", "", "", "", "", "", "", "", ""
"98", "Jagten", "8.3", "https://www.imdb.com/title/tt2106476/", "https://m.media-amazon.com/images/M/MV5BMTg2NDg3ODg4NF5BMl5BanBnXkFtZTcwNzk3NTc3Nw@@._V1_.jpg", "A teacher lives a lonely life, all the while struggling over his son&apos;s custody. His life slowly gets better as he finds love and receives good news from his son, but his new luck is about to be brutally shattered by an innocent li...", "Drama", "115", "R", "movie", "", "", "", "", "", "", "", "", "", "", "", "", "", "", "", "", "", "", "", "", "", ""
"99", "Shingeki no Kyojin: The Last Attack", "8.9", "https://www.imdb.com/title/tt33175825/", "https://m.media-amazon.com/images/M/MV5BNzVjOWEwYjEtNDJhOC00YjUyLThjMWItMDQwZGY1ODM4YzI3XkEyXkFqcGc@._V1_.jpg", "The fate of the world hangs in the balance as Eren unleashes the ultimate power of the Titans. With a burning determination to eliminate all who threaten Eldia, he leads an unstoppable army of Colossal Titans towards Marley.", "Animation, Action, Adventure", "145", "", "movie", "", "", "", "", "", "", "", "", "", "", "", "", "", "", "", "", "", "", "", "", "", ""
"100", "Eternal Sunshine of the Spotless Mind", "8.3", "https://www.imdb.com/title/tt0338013/", "https://m.media-amazon.com/images/M/MV5BMTY4NzcwODg3Nl5BMl5BanBnXkFtZTcwNTEwOTMyMw@@._V1_.jpg", "When their relationship turns sour, a couple undergoes a medical procedure to have each other erased from their memories forever.", "Drama, Romance, Sci-Fi", "108", "R", "movie", "", "", "", "", "", "", "", "", "", "", "", "", "", "", "", "", "", "", "", "", "", ""
"101", "The Apartment", "8.3", "https://www.imdb.com/title/tt0053604/", "https://m.media-amazon.com/images/M/MV5BNDdhMzVhOWQtNDU2Mi00ZmZmLWJiZDMtY2QxMjhjY2Y1ZTI5XkEyXkFqcGc@._V1_.jpg", "A Manhattan insurance clerk tries to rise in his company by letting its executives use his apartment for trysts, but office politics and his own romantic hopes complicate matters.", "Comedy, Drama, Romance", "125", "Approved", "movie", "", "", "", "", "", "", "", "", "", "", "", "", "", "", "", "", "", "", "", "", "", ""
"102", "Lawrence of Arabia", "8.3", "https://www.imdb.com/title/tt0056172/", "https://m.media-amazon.com/images/M/MV5BYjY0YTQ1OTAtYjEyNy00NTQ4LThlMTQtM2QwYTVhYWFhNjU5XkEyXkFqcGc@._V1_.jpg", "The story of T.E. Lawrence, the English officer who successfully united and led the diverse, often warring, Arab tribes during World War I in order to fight the Turks.", "Adventure, Biography, Drama", "227", "Approved", "movie", "", "", "", "", "", "", "", "", "", "", "", "", "", "", "", "", "", "", "", "", "", ""
"103", "Heat", "8.3", "https://www.imdb.com/title/tt0113277/", "https://m.media-amazon.com/images/M/MV5BMTkxYjU1OTMtYWViZC00ZjAzLWI3MDktZGQ2N2VmMjVjNDRlXkEyXkFqcGc@._V1_.jpg", "A group of high-end professional thieves start to feel the heat from the LAPD when they unknowingly leave a verbal clue at their latest heist.", "Action, Crime, Drama", "170", "R", "movie", "", "", "", "", "", "", "", "", "", "", "", "", "", "", "", "", "", "", "", "", "", ""
"104", "Scarface", "8.3", "https://www.imdb.com/title/tt0086250/", "https://m.media-amazon.com/images/M/MV5BNDUzYjY0NmUtMDM4OS00Y2Q5LWJiODYtNTk0ZTk0YjZhMTg1XkEyXkFqcGc@._V1_.jpg", "In the 1980s, a determined criminal-minded Cuban immigrant becomes the biggest drug smuggler in Miami, and is eventually undone by his own drug addiction.", "Crime, Drama", "170", "R", "movie", "", "", "", "", "", "", "", "", "", "", "", "", "", "", "", "", "", "", "", "", "", ""
"105", "Reservoir Dogs", "8.2", "https://www.imdb.com/title/tt0105236/", "https://m.media-amazon.com/images/M/MV5BMmMzYjg4NDctYWY0Mi00OGViLWIzMTMtYWNlZGY5ZDJmYjk3XkEyXkFqcGc@._V1_.jpg", "When a simple jewelry heist goes horribly wrong, the surviving criminals begin to suspect that one of them is a police informant.", "Crime, Thriller", "99", "R", "movie", "", "", "", "", "", "", "", "", "", "", "", "", "", "", "", "", "", "", "", "", "", ""
"106", "2001: A Space Odyssey", "8.3", "https://www.imdb.com/title/tt0062622/", "https://m.media-amazon.com/images/M/MV5BNjU0NDFkMTQtZWY5OS00MmZhLTg3Y2QtZmJhMzMzMWYyYjc2XkEyXkFqcGc@._V1_.jpg", "When a mysterious artifact is uncovered on the Moon, a spacecraft manned by two scientists and one supercomputer is dispatched to Jupiter to find its origins.", "Adventure, Sci-Fi", "149", "G", "movie", "", "", "", "", "", "", "", "", "", "", "", "", "", "", "", "", "", "", "", "", "", ""
"107", "Up", "8.3", "https://www.imdb.com/title/tt1049413/", "https://m.media-amazon.com/images/M/MV5BNmI1ZTc5MWMtMDYyOS00ZDc2LTkzOTAtNjQ4NWIxNjYyNDgzXkEyXkFqcGc@._V1_.jpg", "A grumpy old man turns his house into an airship using balloons and flies off to South America with a young stowaway.", "Animation, Adventure, Comedy", "96", "PG", "movie", "", "", "", "", "", "", "", "", "", "", "", "", "", "", "", "", "", "", "", "", "", ""
"108", "Double Indemnity", "8.3", "https://www.imdb.com/title/tt0036775/", "https://m.media-amazon.com/images/M/MV5BM2YwNjZlZDktNTlmNS00ODQwLWJmNmUtYmE1NTBhYjc1YTY5XkEyXkFqcGc@._V1_.jpg", "An insurance representative is seduced by a dissatisfied housewife into a scheme of insurance fraud and murder that arouses the suspicion of his colleague, a claims investigator.", "Crime, Drama, Film-Noir", "107", "Approved", "movie", "", "", "", "", "", "", "", "", "", "", "", "", "", "", "", "", "", "", "", "", "", ""
"109", "Taare Zameen Par", "8.3", "https://www.imdb.com/title/tt0986264/", "https://m.media-amazon.com/images/M/MV5BZTI0ZGRiMDEtNGNjMS00MGU4LWI3OTktNzcxMDZmZTk3MTljXkEyXkFqcGc@._V1_.jpg", "A young boy is thought to be nothing but a lazy troublemaker until the new art teacher has the patience and compassion to discover the real problem behind his struggles in school.", "Drama, Family", "162", "PG", "movie", "", "", "", "", "", "", "", "", "", "", "", "", "", "", "", "", "", "", "", "", "", ""
"110", "North by Northwest", "8.2", "https://www.imdb.com/title/tt0053125/", "https://m.media-amazon.com/images/M/MV5BZWIzODI2OGItMzM0Ny00OGRmLTlkNmItMDQxMTFmMTk3YmQwXkEyXkFqcGc@._V1_.jpg", "A New York City advertising executive goes on the run after being mistaken for a government agent by a group of foreign spies, and falls for a woman whose loyalties he begins to doubt.", "Adventure, Drama, Mystery", "136", "Approved", "movie", "", "", "", "", "", "", "", "", "", "", "", "", "", "", "", "", "", "", "", "", "", ""
"111", "I Swear", "8.4", "https://www.imdb.com/title/tt31514146/", "https://m.media-amazon.com/images/M/MV5BNWQxYTMyZTktZDg5Yi00Y2YwLWI4YzQtMjkyYmYxNmFjYThmXkEyXkFqcGc@._V1_.jpg", "John Davidson: diagnosed with Tourette&apos;s syndrome at a young age which alienated him from his peers, he struggled with a condition few people had witnessed.", "Biography, Drama", "120", "R", "movie", "", "", "", "", "", "", "", "", "", "", "", "", "", "", "", "", "", "", "", "", "", ""
"112", "Full Metal Jacket", "8.2", "https://www.imdb.com/title/tt0093058/", "https://m.media-amazon.com/images/M/MV5BYWUzNzZkNzUtNDdiYy00Nzk5LTgxMmItNTk0MjRjNjdjNDA0XkEyXkFqcGc@._V1_.jpg", "A pragmatic U.S. Marine observes the dehumanizing effects the Vietnam War has on his fellow recruits from their brutal boot camp training to the bloody street fighting in Hue.", "Drama, War", "116", "R", "movie", "", "", "", "", "", "", "", "", "", "", "", "", "", "", "", "", "", "", "", "", "", ""
"113", "Jodaeiye Nader az Simin", "8.3", "https://www.imdb.com/title/tt1832382/", "https://m.media-amazon.com/images/M/MV5BMDM0ZWRmMzctM2M5ZS00ZjU0LWIxN2MtNWNlNGY1ZDhjMDVhXkEyXkFqcGc@._V1_.jpg", "A married couple have to decide whether to improve their daughter&apos;s life by moving abroad or to stay in Iran and look after a deteriorating parent with Alzheimer&apos;s disease.", "Drama", "123", "PG-13", "movie", "", "", "", "", "", "", "", "", "", "", "", "", "", "", "", "", "", "", "", "", "", ""
"114", "M - Eine Stadt sucht einen Mörder", "8.3", "https://www.imdb.com/title/tt0022100/", "https://m.media-amazon.com/images/M/MV5BODA4ODk3OTEzMF5BMl5BanBnXkFtZTgwMTQ2ODMwMzE@._V1_.jpg", "When the police in a German city are unable to catch a child-murderer, other criminals join in the manhunt.", "Crime, Mystery, Thriller", "99", "Passed", "movie", "", "", "", "", "", "", "", "", "", "", "", "", "", "", "", "", "", "", "", "", "", ""
"115", "Die Hard", "8.2", "https://www.imdb.com/title/tt0095016/", "https://m.media-amazon.com/images/M/MV5BMGNlYmM1NmQtYWExMS00NmRjLTg5ZmEtMmYyYzJkMzljYWMxXkEyXkFqcGc@._V1_.jpg", "A New York City cop tries to save his wife and several others taken hostage by terrorists during a Christmas party in a Los Angeles skyscraper.", "Action, Thriller", "132", "R", "movie", "", "", "", "", "", "", "", "", "", "", "", "", "", "", "", "", "", "", "", "", "", ""
"116", "Le fabuleux destin d&apos;Amélie Poulain", "8.2", "https://www.imdb.com/title/tt0211915/", "https://m.media-amazon.com/images/M/MV5BOTNmYzY0MWQtZGZmNy00Y2Y4LWFmMDQtMTZjYTdiYzEwZGQ2XkEyXkFqcGc@._V1_.jpg", "Despite being caught in her imaginative world, young waitress Amelie decides to help people find happiness. Her quest to spread joy leads her on a journey during which she finds true love.", "Comedy, Romance", "122", "R", "movie", "", "", "", "", "", "", "", "", "", "", "", "", "", "", "", "", "", "", "", "", "", ""
"117", "Vertigo", "8.2", "https://www.imdb.com/title/tt0052357/", "https://m.media-amazon.com/images/M/MV5BNzEyZTUxMWItMGVhYy00Y2NlLTljYTMtYzBmMzI1YmUyMDBkXkEyXkFqcGc@._V1_.jpg", "A former San Francisco police detective juggles wrestling with his personal demons and becoming obsessed with the hauntingly beautiful woman he has been hired to trail, who may be deeply disturbed.", "Mystery, Romance, Thriller", "128", "PG", "movie", "", "", "", "", "", "", "", "", "", "", "", "", "", "", "", "", "", "", "", "", "", ""
"118", "Citizen Kane", "8.2", "https://www.imdb.com/title/tt0033467/", "https://m.media-amazon.com/images/M/MV5BYjk1ZDJlMmUtOWQ0Zi00MDM5LTk1OGYtODczNjFmMGYwZGVkXkEyXkFqcGc@._V1_.jpg", "Following the death of publishing tycoon Charles Foster Kane, reporters scramble to uncover the meaning of his final utterance: &apos;Rosebud.&apos;", "Drama, Mystery", "119", "PG", "movie", "", "", "", "", "", "", "", "", "", "", "", "", "", "", "", "", "", "", "", "", "", ""
"119", "To Kill a Mockingbird", "8.2", "https://www.imdb.com/title/tt0056592/", "https://m.media-amazon.com/images/M/MV5BZTlkYWU4MGEtZmQyYi00OWEzLTgzY2EtYzVjOTEzYzAyNTk1XkEyXkFqcGc@._V1_.jpg", "A widowed lawyer in Depression-era Alabama defends a black man against a false rape charge while teaching his young children about the sad reality of prejudice.", "Crime, Drama", "129", "Approved", "movie", "", "", "", "", "", "", "", "", "", "", "", "", "", "", "", "", "", "", "", "", "", ""
"120", "Indiana Jones and the Last Crusade", "8.2", "https://www.imdb.com/title/tt0097576/", "https://m.media-amazon.com/images/M/MV5BNGIxNzQ0YzYtMjNmYi00YjBlLWFjNzEtNGE3ZGFmYTczM2MwXkEyXkFqcGc@._V1_.jpg", "In 1938, after his father goes missing while pursuing the Holy Grail, Indiana Jones finds himself up against the Nazis again to stop them from obtaining its powers.", "Adventure", "127", "PG-13", "movie", "", "", "", "", "", "", "", "", "", "", "", "", "", "", "", "", "", "", "", "", "", ""
"121", "The Sting", "8.2", "https://www.imdb.com/title/tt0070735/", "https://m.media-amazon.com/images/M/MV5BM2E4MGZjOGItNzAwYy00MjU5LTliZTEtNTQ3YTUzNmUzMjE0XkEyXkFqcGc@._V1_.jpg", "Two grifters team up to pull off the ultimate con.", "Comedy, Crime, Drama", "129", "PG", "movie", "", "", "", "", "", "", "", "", "", "", "", "", "", "", "", "", "", "", "", "", "", ""
"122", "A Clockwork Orange", "8.2", "https://www.imdb.com/title/tt0066921/", "https://m.media-amazon.com/images/M/MV5BMTY3MjM1Mzc4N15BMl5BanBnXkFtZTgwODM0NzAxMDE@._V1_.jpg", "Alex DeLarge and his droogs barbarize a decaying near-future.", "Crime, Sci-Fi", "136", "R", "movie", "", "", "", "", "", "", "", "", "", "", "", "", "", "", "", "", "", "", "", "", "", ""
"123", "Metropolis", "8.2", "https://www.imdb.com/title/tt0017136/", "https://m.media-amazon.com/images/M/MV5BMjhjMGYyMjAtMzJkYy00NzhlLWIwY2MtMWQ2ODIxZDUyOGYyXkEyXkFqcGc@._V1_.jpg", "In a futuristic city sharply divided between the working class and the city planners, the son of the city&apos;s mastermind falls in love with a working-class prophet who predicts the coming of a savior to mediate their differences.", "Drama, Sci-Fi", "150", "Passed", "movie", "", "", "", "", "", "", "", "", "", "", "", "", "", "", "", "", "", "", "", "", "", ""
"124", "1917", "8.2", "https://www.imdb.com/title/tt8579674/", "https://m.media-amazon.com/images/M/MV5BYzkxZjg2NDQtMGVjMy00NWZkLTk0ZDEtZWE3NDYwYjAyMTg1XkEyXkFqcGc@._V1_.jpg", "April 6th, 1917. As an infantry battalion assembles to wage war deep in enemy territory, two soldiers are assigned to race against time and deliver a message that will stop 1,600 men from walking straight into a deadly trap.", "Drama, War", "119", "R", "movie", "", "", "", "", "", "", "", "", "", "", "", "", "", "", "", "", "", "", "", "", "", ""
"125", "The Wolf of Wall Street", "8.2", "https://www.imdb.com/title/tt0993846/", "https://m.media-amazon.com/images/M/MV5BMjIxMjgxNTk0MF5BMl5BanBnXkFtZTgwNjIyOTg2MDE@._V1_.jpg", "Based on the true story of Jordan Belfort, from his rise to a wealthy stock-broker living the high life to his fall involving crime, corruption and the federal government.", "Biography, Comedy, Crime", "180", "R", "movie", "", "", "", "", "", "", "", "", "", "", "", "", "", "", "", "", "", "", "", "", "", ""
"126", "Snatch", "8.2", "https://www.imdb.com/title/tt0208092/", "https://m.media-amazon.com/images/M/MV5BYzk5NjJkMTQtN2IyNC00YWM5LTlhZmMtNGI3MWNhMTU1YTc4XkEyXkFqcGc@._V1_.jpg", "Unscrupulous boxing promoters, violent bookmakers, a Russian gangster, incompetent amateur robbers and supposedly Jewish jewelers fight to track down a priceless stolen diamond.", "Comedy, Crime", "102", "R", "movie", "", "", "", "", "", "", "", "", "", "", "", "", "", "", "", "", "", "", "", "", "", ""
"127", "The Truman Show", "8.2", "https://www.imdb.com/title/tt0120382/", "https://m.media-amazon.com/images/M/MV5BNzA3ZjZlNzYtMTdjMy00NjMzLTk5ZGYtMTkyYzNiOGM1YmM3XkEyXkFqcGc@._V1_.jpg", "An insurance salesman begins to suspect that his whole life is actually some sort of reality TV show.", "Comedy, Drama", "103", "PG", "movie", "", "", "", "", "", "", "", "", "", "", "", "", "", "", "", "", "", "", "", "", "", ""
"128", "Der Untergang", "8.2", "https://www.imdb.com/title/tt0363163/", "https://m.media-amazon.com/images/M/MV5BMTU0NTU5NTAyMl5BMl5BanBnXkFtZTYwNzYwMDg2._V1_.jpg", "Traudl Junge, the final secretary for Adolf Hitler, tells of the Nazi dictator&apos;s final days in his Berlin bunker at the end of WWII.", "Biography, Drama, History", "156", "R", "movie", "", "", "", "", "", "", "", "", "", "", "", "", "", "", "", "", "", "", "", "", "", ""
"129", "Shutter Island", "8.2", "https://www.imdb.com/title/tt1130884/", "https://m.media-amazon.com/images/M/MV5BN2FjNWExYzEtY2YzOC00YjNlLTllMTQtNmIwM2Q1YzBhOWM1XkEyXkFqcGc@._V1_.jpg", "Two US marshals are sent to a mental institution on an inhospitable island in order to investigate the disappearance of a patient.", "Mystery, Thriller", "138", "R", "movie", "", "", "", "", "", "", "", "", "", "", "", "", "", "", "", "", "", "", "", "", "", ""
"130", "L.A. Confidential", "8.2", "https://www.imdb.com/title/tt0119488/", "https://m.media-amazon.com/images/M/MV5BODdiMjY1OGYtNDk0NC00NGQ1LWI4MDItOTJhMTM0YjE1YTAzXkEyXkFqcGc@._V1_.jpg", "As corruption grows in 1950s Los Angeles, three policemen - one strait-laced, one brutal, and one sleazy - investigate a series of murders with their own brand of justice.", "Crime, Drama, Mystery", "138", "R", "movie", "", "", "", "", "", "", "", "", "", "", "", "", "", "", "", "", "", "", "", "", "", ""
"131", "Suna no onna", "8.4", "https://www.imdb.com/title/tt0058625/", "https://m.media-amazon.com/images/M/MV5BM2E1ZjY5MjItZTUxZS00NTI1LWEwMmEtODhlMDAyMzUyOTRmXkEyXkFqcGc@._V1_.jpg", "An entomologist on vacation is trapped by local villagers into living with a woman whose life task is shoveling sand for them.", "Drama, Thriller", "147", "Not Rated", "movie", "", "", "", "", "", "", "", "", "", "", "", "", "", "", "", "", "", "", "", "", "", ""
"132", "Dangal", "8.3", "https://www.imdb.com/title/tt5074352/", "https://m.media-amazon.com/images/M/MV5BMTQ4MzQzMzM2Nl5BMl5BanBnXkFtZTgwMTQ1NzU3MDI@._V1_.jpg", "Mahavir Singh Phogat, a former wrestler, decides to fulfill his dream of winning a gold medal for his country by training his daughters for the Commonwealth Games despite the existing social stigmas.", "Action, Biography, Drama", "161", "Not Rated", "movie", "", "", "", "", "", "", "", "", "", "", "", "", "", "", "", "", "", "", "", "", "", ""
"133", "Green Book", "8.2", "https://www.imdb.com/title/tt6966692/", "https://m.media-amazon.com/images/M/MV5BNDU5YTNmMmItN2QxNy00OGQ0LTg5MTctNzFmYjEzZjcwN2UwXkEyXkFqcGc@._V1_.jpg", "A working-class Italian-American bouncer becomes the driver for an African-American classical pianist on a tour of venues through the 1960s American South.", "Biography, Comedy, Drama", "130", "PG-13", "movie", "", "", "", "", "", "", "", "", "", "", "", "", "", "", "", "", "", "", "", "", "", ""
"134", "Ladri di biciclette", "8.2", "https://www.imdb.com/title/tt0040522/", "https://m.media-amazon.com/images/M/MV5BMjIzMzAyMzg1Nl5BMl5BanBnXkFtZTgwMzMyNzk0MTE@._V1_.jpg", "In post-war Italy, a working-class man&apos;s bicycle is stolen, endangering his efforts to find work. He and his son set out to find it.", "Drama", "89", "Not Rated", "movie", "", "", "", "", "", "", "", "", "", "", "", "", "", "", "", "", "", "", "", "", "", ""
"135", "Judgment at Nuremberg", "8.3", "https://www.imdb.com/title/tt0055031/", "https://m.media-amazon.com/images/M/MV5BNDc2ODQ5NTE2MV5BMl5BanBnXkFtZTcwODExMjUyNA@@._V1_.jpg", "Fictionalized depiction of the 1947 Judges&apos; Trial, the third of 12 trials of Nazi war criminals conducted by the American occupying forces in Nuremberg, Germany, in which former judges of Nazi Germany were tried for their actions.", "Drama, History, War", "179", "Approved", "movie", "", "", "", "", "", "", "", "", "", "", "", "", "", "", "", "", "", "", "", "", "", ""
"136", "Jurassic Park", "8.2", "https://www.imdb.com/title/tt0107290/", "https://m.media-amazon.com/images/M/MV5BMjM2MDgxMDg0Nl5BMl5BanBnXkFtZTgwNTM2OTM5NDE@._V1_.jpg", "An industrialist invites some experts to visit his theme park of cloned dinosaurs. After a power failure, the creatures run loose, putting everyone&apos;s lives, including his grandchildren&apos;s, in danger.", "Adventure, Sci-Fi", "127", "PG-13", "movie", "", "", "", "", "", "", "", "", "", "", "", "", "", "", "", "", "", "", "", "", "", ""
"137", "Batman Begins", "8.2", "https://www.imdb.com/title/tt0372784/", "https://m.media-amazon.com/images/M/MV5BMzA2NDQzZDEtNDU5Ni00YTlkLTg2OWEtYmQwM2Y1YTBjMjFjXkEyXkFqcGc@._V1_.jpg", "After witnessing his parents&apos; death, billionaire Bruce Wayne learns the art of fighting to confront injustice. When he returns to Gotham as Batman, he must stop a secret society that intends to destroy the city.", "Crime", "140", "PG-13", "movie", "", "", "", "", "", "", "", "", "", "", "", "", "", "", "", "", "", "", "", "", "", ""
"138", "Oppenheimer", "8.2", "https://www.imdb.com/title/tt15398776/", "https://m.media-amazon.com/images/M/MV5BN2JkMDc5MGQtZjg3YS00NmFiLWIyZmQtZTJmNTM5MjVmYTQ4XkEyXkFqcGc@._V1_.jpg", "A dramatization of the life story of J. Robert Oppenheimer, the physicist who had a large hand in the development of the atomic bombs that brought an end to World War II.", "Biography, Drama, History", "180", "R", "movie", "", "", "", "", "", "", "", "", "", "", "", "", "", "", "", "", "", "", "", "", "", ""
"139", "Per qualche dollaro in più", "8.2", "https://www.imdb.com/title/tt0059578/", "https://m.media-amazon.com/images/M/MV5BNTRmOTcyYmYtMTIwNi00ZGYyLTk4YjYtZGJlZTgwZGY0NGQyXkEyXkFqcGc@._V1_.jpg", "Two bounty killers with similar intentions but different motivations team up to take down a psychotic Mexican outlaw before he and his gang can carry out an audacious bank robbery.", "Drama, Western", "132", "R", "movie", "", "", "", "", "", "", "", "", "", "", "", "", "", "", "", "", "", "", "", "", "", ""
"140", "Hamilton", "8.3", "https://www.imdb.com/title/tt8503618/", "https://m.media-amazon.com/images/M/MV5BYTc3MWIyMzAtMTZmNC00YmNjLWIyZTgtMmU4NjZkYzZkOThkXkEyXkFqcGc@._V1_.jpg", "The real life of one of America&apos;s foremost founding fathers and first Secretary of the Treasury, Alexander Hamilton. Captured live on Broadway from the Richard Rodgers Theater with the original Broadway cast.", "Biography, Drama, History", "160", "PG-13", "movie", "", "", "", "", "", "", "", "", "", "", "", "", "", "", "", "", "", "", "", "", "", ""
"141", "There Will Be Blood", "8.2", "https://www.imdb.com/title/tt0469494/", "https://m.media-amazon.com/images/M/MV5BMjAxODQ4MDU5NV5BMl5BanBnXkFtZTcwMDU4MjU1MQ@@._V1_.jpg", "A story of family, religion, hatred, oil and madness, focusing on a turn-of-the-century prospector in the early days of the business.", "Drama", "158", "R", "movie", "", "", "", "", "", "", "", "", "", "", "", "", "", "", "", "", "", "", "", "", "", ""
"142", "Some Like It Hot", "8.2", "https://www.imdb.com/title/tt0053291/", "https://m.media-amazon.com/images/M/MV5BZTllZDYyNjEtY2RmMS00NmJhLWI4ODAtMTQ0NWFiZTJhZjA0XkEyXkFqcGc@._V1_.jpg", "After two male musicians witness a mob hit, they flee the state in an all-female band disguised as women, but further complications set in.", "Comedy, Music, Romance", "121", "Approved", "movie", "", "", "", "", "", "", "", "", "", "", "", "", "", "", "", "", "", "", "", "", "", ""
"143", "Taxi Driver", "8.2", "https://www.imdb.com/title/tt0075314/", "https://m.media-amazon.com/images/M/MV5BZDNhMGYwM2UtMTdlZS00MGQ1LWI2YzAtODY5YWI1MjYyNzRmXkEyXkFqcGc@._V1_.jpg", "A mentally unstable veteran works as a nighttime taxi driver in New York City, where the perceived decadence and sleaze fuels his urge for violent action.", "Crime, Drama", "114", "R", "movie", "", "", "", "", "", "", "", "", "", "", "", "", "", "", "", "", "", "", "", "", "", ""
"144", "The Father", "8.2", "https://www.imdb.com/title/tt10272386/", "https://m.media-amazon.com/images/M/MV5BYzUxMDAyMDAtNzIyZi00OGQ1LTllMjEtYzRjOThkZTUxNTliXkEyXkFqcGc@._V1_.jpg", "A man refuses all assistance from his daughter as he ages. When he tries to understand what is happening around him, he begins to doubt his loved ones, his own mind and even the fabric of his reality.", "Drama, Mystery", "97", "PG-13", "movie", "", "", "", "", "", "", "", "", "", "", "", "", "", "", "", "", "", "", "", "", "", ""
"145", "The Kid", "8.2", "https://www.imdb.com/title/tt0012349/", "https://m.media-amazon.com/images/M/MV5BNjkxMzY1NTQtN2YwOS00NmIwLTlkNTMtMjNkMzk1ZTk3ZDU2XkEyXkFqcGc@._V1_.jpg", "The Tramp cares for an abandoned child, but events put their relationship in jeopardy.", "Comedy, Drama, Family", "68", "Passed", "movie", "", "", "", "", "", "", "", "", "", "", "", "", "", "", "", "", "", "", "", "", "", ""
"146", "The Sixth Sense", "8.2", "https://www.imdb.com/title/tt0167404/", "https://m.media-amazon.com/images/M/MV5BZWQ2OTY0M2UtMTQxNC00MmIzLTllNDQtNDQ0MTQyYzI2M2ZiXkEyXkFqcGc@._V1_.jpg", "After being shot by a resentful former patient whom he failed to help, a Philadelphia child psychologist seeks redemption by treating a young boy with a disturbing secret.", "Drama, Mystery, Thriller", "107", "PG-13", "movie", "", "", "", "", "", "", "", "", "", "", "", "", "", "", "", "", "", "", "", "", "", ""
"147", "All About Eve", "8.2", "https://www.imdb.com/title/tt0042192/", "https://m.media-amazon.com/images/M/MV5BMTY2MTAzODI5NV5BMl5BanBnXkFtZTgwMjM4NzQ0MjE@._V1_.jpg", "A seemingly timid but secretly ruthless ingénue insinuates herself into the lives of an aging Broadway star and her circle of theater friends.", "Drama", "138", "Approved", "movie", "", "", "", "", "", "", "", "", "", "", "", "", "", "", "", "", "", "", "", "", "", ""
"148", "Ran", "8.2", "https://www.imdb.com/title/tt0089881/", "https://m.media-amazon.com/images/M/MV5BZDk2NDY5YjktMjEyMC00OTJhLTkzM2EtY2Q4Y2RjYzc2Yjk4XkEyXkFqcGc@._V1_.jpg", "In Medieval Japan, an elderly warlord retires, handing over his empire to his three sons. However, he vastly underestimates how the new-found power will corrupt them and cause them to turn on each other...and him.", "Action, Drama, War", "160", "R", "movie", "", "", "", "", "", "", "", "", "", "", "", "", "", "", "", "", "", "", "", "", "", ""
"149", "Casino", "8.2", "https://www.imdb.com/title/tt0112641/", "https://m.media-amazon.com/images/M/MV5BMDRlZWZjZjYtYzY2NS00ZWVjLTkwYzAtZTA2ZDAzMGRiYmYwXkEyXkFqcGc@._V1_.jpg", "In Las Vegas, two best friends--a casino executive and a Mafia enforcer--compete for a gambling empire and a fast-living, fast-loving socialite.", "Crime, Drama", "178", "R", "movie", "", "", "", "", "", "", "", "", "", "", "", "", "", "", "", "", "", "", "", "", "", ""
"150", "The Thing", "8.2", "https://www.imdb.com/title/tt0084787/", "https://m.media-amazon.com/images/M/MV5BYTA3NDU5MWEtNTk4Yy00ZDNkLThmZTQtMjU3ZGVhYzAyMzU4XkEyXkFqcGc@._V1_.jpg", "A research team in Antarctica is hunted by a shape-shifting alien that assumes the appearance of its victims.", "Horror, Mystery, Sci-Fi", "109", "R", "movie", "", "", "", "", "", "", "", "", "", "", "", "", "", "", "", "", "", "", "", "", "", ""
"151", "No Country for Old Men", "8.2", "https://www.imdb.com/title/tt0477348/", "https://m.media-amazon.com/images/M/MV5BMjA5Njk3MjM4OV5BMl5BanBnXkFtZTcwMTc5MTE1MQ@@._V1_.jpg", "Violence and mayhem ensue after a hunter stumbles upon the aftermath of a drug deal gone wrong and over two million dollars in cash near the Rio Grande.", "Crime, Drama, Thriller", "122", "R", "movie", "", "", "", "", "", "", "", "", "", "", "", "", "", "", "", "", "", "", "", "", "", ""
"152", "Prisoners", "8.2", "https://www.imdb.com/title/tt1392214/", "https://m.media-amazon.com/images/M/MV5BMTg0NTIzMjQ1NV5BMl5BanBnXkFtZTcwNDc3MzM5OQ@@._V1_.jpg", "A desperate father takes the law into his own hands after police fail to find two kidnapped girls.", "Crime, Drama, Mystery", "153", "R", "movie", "", "", "", "", "", "", "", "", "", "", "", "", "", "", "", "", "", "", "", "", "", ""
"153", "Top Gun: Maverick", "8.2", "https://www.imdb.com/title/tt1745960/", "https://m.media-amazon.com/images/M/MV5BMDBkZDNjMWEtOTdmMi00NmExLTg5MmMtNTFlYTJlNWY5YTdmXkEyXkFqcGc@._V1_.jpg", "The story involves Maverick confronting his past while training a group of younger Top Gun graduates, including the son of his deceased best friend, for a dangerous mission.", "Action, Drama", "130", "PG-13", "movie", "", "", "", "", "", "", "", "", "", "", "", "", "", "", "", "", "", "", "", "", "", ""
"154", "Kill Bill: Vol. 1", "8.2", "https://www.imdb.com/title/tt0266697/", "https://m.media-amazon.com/images/M/MV5BZmMyYzJlZmYtY2I3NC00NjAyLTkyZWItZjdjZDI1YTYyYTEwXkEyXkFqcGc@._V1_.jpg", "After waking from a four-year coma, a former assassin wreaks vengeance on the team of assassins who betrayed her.", "Action, Crime, Thriller", "111", "R", "movie", "", "", "", "", "", "", "", "", "", "", "", "", "", "", "", "", "", "", "", "", "", ""
"155", "El laberinto del fauno", "8.2", "https://www.imdb.com/title/tt0457430/", "https://m.media-amazon.com/images/M/MV5BOTc1NTAxMWItMWFlNy00MmU2LTkwMTMtNzMwOTg5OTQ5YTFiXkEyXkFqcGc@._V1_.jpg", "In 1944 Francoist Spain, an imaginative young girl meets a faun who tells her she&apos;s a princess and that she must prove her worthiness by completing three dangerous tasks.", "Drama, Fantasy, War", "118", "R", "movie", "", "", "", "", "", "", "", "", "", "", "", "", "", "", "", "", "", "", "", "", "", ""
"156", "Unforgiven", "8.2", "https://www.imdb.com/title/tt0105695/", "https://m.media-amazon.com/images/M/MV5BNmZmMzM3YWMtZjg5Yi00M2MxLTg3ZGItNGU4YjQxNDAxM2Q4XkEyXkFqcGc@._V1_.jpg", "Retired Old West gunslinger Will Munny reluctantly takes on one last job to avenge an injustice with the help of his old partner and a young would-be gunman calling himself &quot;The Schofield Kid&quot;.", "Drama, Western", "130", "R", "movie", "", "", "", "", "", "", "", "", "", "", "", "", "", "", "", "", "", "", "", "", "", ""
"157", "A Beautiful Mind", "8.2", "https://www.imdb.com/title/tt0268978/", "https://m.media-amazon.com/images/M/MV5BYjgzNjFkMmItOGJhNi00NWM3LWJlYTUtNDExMGQ3ZTI3NjJkXkEyXkFqcGc@._V1_.jpg", "A mathematical genius, John Nash made an astonishing discovery early in his career and stood on the brink of international acclaim. But Nash soon found himself on a harrowing journey of self-discovery.", "Biography, Drama, Mystery", "135", "PG-13", "movie", "", "", "", "", "", "", "", "", "", "", "", "", "", "", "", "", "", "", "", "", "", ""
"158", "Project Hail Mary", "8.2", "https://www.imdb.com/title/tt12042730/", "https://m.media-amazon.com/images/M/MV5BNTkwNzJiYTctNzI3NC00NjE1LTlhYjktY2Q5MTdmMWFmNzcxXkEyXkFqcGc@._V1_.jpg", "A science teacher wakes up alone on a spaceship. As his memory returns, he uncovers a mission to stop a mysterious substance killing Earth&apos;s sun, and realizes that an unexpected friendship may be the key.", "Adventure, Comedy, Drama", "156", "PG-13", "movie", "", "", "", "", "", "", "", "", "", "", "", "", "", "", "", "", "", "", "", "", "", ""
"159", "Hauru no ugoku shiro", "8.2", "https://www.imdb.com/title/tt0347149/", "https://m.media-amazon.com/images/M/MV5BMTY1OTg0MjE3MV5BMl5BanBnXkFtZTcwNTUxMTkyMQ@@._V1_.jpg", "When an unconfident young woman is cursed with an old body by a spiteful witch, her only chance of breaking the spell lies with a self-indulgent yet insecure young wizard and his companions in his legged, walking castle.", "Animation, Adventure, Family", "119", "PG", "movie", "", "", "", "", "", "", "", "", "", "", "", "", "", "", "", "", "", "", "", "", "", ""
"160", "Gekijô-ban Kimetsu no Yaiba Mugen Jô-hen", "8.4", "https://www.imdb.com/title/tt32820897/", "https://m.media-amazon.com/images/M/MV5BOGQ3YWUzYjEtMTJiYy00ZjQ0LWI0YjktYjhiNGVhNGExYTM3XkEyXkFqcGc@._V1_.jpg", "The Demon Slayer Corps are drawn into the Infinity Castle, where Tanjiro and the Hashira face terrifying Upper Rank Hindi mein demons in a desperate fight as the final battle against Muzan Kibutsuji begins.", "Animation, Action, Adventure", "155", "R", "movie", "", "", "", "", "", "", "", "", "", "", "", "", "", "", "", "", "", "", "", "", "", ""
"161", "The Treasure of the Sierra Madre", "8.2", "https://www.imdb.com/title/tt0040897/", "https://m.media-amazon.com/images/M/MV5BOWM1YjFmODEtMWNhMC00YmI1LWI0Y2EtYzg0YTBhZWI4ODE3XkEyXkFqcGc@._V1_.jpg", "Two down-on-their-luck Americans searching for work in 1920s Mexico convince an old prospector to help them mine for gold in the Sierra Madre Mountains.", "Adventure, Drama, Western", "126", "Approved", "movie", "", "", "", "", "", "", "", "", "", "", "", "", "", "", "", "", "", "", "", "", "", ""
"162", "Finding Nemo", "8.2", "https://www.imdb.com/title/tt0266543/", "https://m.media-amazon.com/images/M/MV5BMTc5NjExNTA5OV5BMl5BanBnXkFtZTYwMTQ0ODY2._V1_.jpg", "After his son is captured in the Great Barrier Reef and taken to Sydney, a timid clownfish sets out on a journey to bring him home.", "Animation, Adventure, Comedy", "100", "G", "movie", "", "", "", "", "", "", "", "", "", "", "", "", "", "", "", "", "", "", "", "", "", ""
"163", "Klaus", "8.2", "https://www.imdb.com/title/tt4729430/", "https://m.media-amazon.com/images/M/MV5BZDA4ODhlMzctNGRmYi00NmViLTkxZGYtZjRkNGQ5YzYwYWVlXkEyXkFqcGc@._V1_.jpg", "A simple act of kindness always sparks another, even in a frozen, faraway place. When Smeerensburg&apos;s new postman, Jesper, befriends toymaker Klaus, their gifts melt an age-old feud and deliver a sleigh full of holiday traditions.", "Animation, Adventure, Comedy", "96", "PG", "movie", "", "", "", "", "", "", "", "", "", "", "", "", "", "", "", "", "", "", "", "", "", ""
"164", "Yôjinbô", "8.2", "https://www.imdb.com/title/tt0055630/", "https://m.media-amazon.com/images/M/MV5BYzFkODA1N2QtY2UyMC00NTMwLWEyNzctMmE3YjIzNzE1MzY4XkEyXkFqcGc@._V1_.jpg", "A crafty ronin comes to a town divided by two criminal gangs and decides to play them against each other to free the town.", "Action, Drama, Thriller", "110", "Not Rated", "movie", "", "", "", "", "", "", "", "", "", "", "", "", "", "", "", "", "", "", "", "", "", ""
"165", "The Elephant Man", "8.2", "https://www.imdb.com/title/tt0080678/", "https://m.media-amazon.com/images/M/MV5BMGE2MzViYzEtZDFmOC00YmViLWFkZTQtYmI2NmI3NDJjMDc0XkEyXkFqcGc@._V1_.jpg", "A Victorian surgeon rescues a heavily-disfigured and mistreated young man working as a sideshow freak, who gradually reveals his capacity for kindness, intelligence and sophistication.", "Biography, Drama", "124", "PG", "movie", "", "", "", "", "", "", "", "", "", "", "", "", "", "", "", "", "", "", "", "", "", ""
"166", "The Great Escape", "8.2", "https://www.imdb.com/title/tt0057115/", "https://m.media-amazon.com/images/M/MV5BMDRhNmJjMzEtMWU5MC00YmEyLTg3ZmYtNzYxZTI1ZGU4ZjI1XkEyXkFqcGc@._V1_.jpg", "Allied officers in a German POW camp during World War II make a daring plan for a mass escape.", "Adventure, Drama, Thriller", "172", "Approved", "movie", "", "", "", "", "", "", "", "", "", "", "", "", "", "", "", "", "", "", "", "", "", ""
"167", "Monty Python and the Holy Grail", "8.1", "https://www.imdb.com/title/tt0071853/", "https://m.media-amazon.com/images/M/MV5BYWY4YmUzZmUtMzQ0ZS00N2Y2LWJlODQtN2IwMDc1MWQwMmU3XkEyXkFqcGc@._V1_.jpg", "King Arthur and his Knights of the Round Table embark on a surreal, low-budget search for the Holy Grail, encountering many, very silly obstacles.", "Adventure, Comedy, Fantasy", "91", "PG", "Movie", "holy grail, killer rabbit, monty python, knight, camelot", "GB", "1333", "DOWN 72", "", "Graham Chapman, John Cleese, Eric Idle", "Graham Chapman, John Cleese, Eric Idle", "Graham Chapman, John Cleese, Eric Idle, Terry Gilliam", "GBP 229,575", "USD 45,487", "USD 2,562,392", "USD 2,942,232", "Castle Stalker, Appin, Argyll and Bute, Scotland, UK", "English, French, Latin, Swedish", "Mono", "1.85 : 1", "", "2", "2", "False", "False", "False"
"168", "Dial M for Murder", "8.1", "https://www.imdb.com/title/tt0046912/", "https://m.media-amazon.com/images/M/MV5BZmYzNDgzYjgtNmU3Ny00YzUxLWE3OWUtMjIxZmNkYTVhNDZmXkEyXkFqcGc@._V1_.jpg", "A jealous former tennis player plots the perfect murder of his wealthy wife in their London flat, triggering a tense trap of betrayal and evidence.", "Crime, Drama, Mystery", "105", "PG", "Movie", "blackmail, framed for murder, hidden key, murder, key", "US", "2673", "UP 41", "Alfred Hitchcock", "", "Ray Milland, Grace Kelly, Robert Cummings", "Ray Milland, Grace Kelly, Robert Cummings, John Williams", "USD 1,400,000", "USD 12,562", "USD 24,845", "USD 46,284", "Stage 5, Warner Brothers Burbank Studios - 4000 Warner Boulevard, Burbank, California, USA", "English", "", "1.66 : 1", "Color", "5", "3", "False", "False", "False"
"169", "El secreto de sus ojos", "8.2", "https://www.imdb.com/title/tt1305806/", "https://m.media-amazon.com/images/M/MV5BMTgwNTI3OTczOV5BMl5BanBnXkFtZTcwMTM3MTUyMw@@._V1_.jpg", "A retired court investigator revisits a decades old murder while trying to finish the story that has followed him ever since, forcing old evidence and unfinished feelings back into the light.", "Drama, Mystery, Romance", "129", "R", "movie", "", "", "", "", "", "", "", "", "", "", "", "", "", "", "", "", "", "", "", "", "", ""
"170", "Gone with the Wind", "8.2", "https://www.imdb.com/title/tt0031381/", "https://m.media-amazon.com/images/M/MV5BYmYxZTE3YzMtYmE2Yy00NmFlLTkzYTAtYTAzN2IzNDFkN2E0XkEyXkFqcGc@._V1_.jpg", "A sheltered and manipulative Southern belle and a roguish profiteer face off in a turbulent romance as the society around them crumbles with the end of slavery and is rebuilt during the Civil War and Reconstruction periods.", "Drama, Romance, War", "238", "G", "movie", "", "", "", "", "", "", "", "", "", "", "", "", "", "", "", "", "", "", "", "", "", ""
"171", "Lock, Stock and Two Smoking Barrels", "8.1", "https://www.imdb.com/title/tt0120735/", "https://m.media-amazon.com/images/M/MV5BMmY1M2M5ZmMtYzllZC00YzAxLTk4MjktZDJkNjA1MTUwMGQ4XkEyXkFqcGc@._V1_.jpg", "When four small-time criminals lose a rigged poker game against a London kingpin, he gives them one week to settle their enormous debt.", "Comedy, Crime", "107", "R", "Movie", "gangster, 1990s, gangster comedy, dark comedy, violence", "GB", "534", "UP 177", "Guy Ritchie", "", "Jason Flemyng, Dexter Fletcher, Nick Moran", "Jason Flemyng, Dexter Fletcher, Nick Moran, Jason Statham", "GBP 960,000", "USD 143,321", "USD 3,753,929", "USD 3,753,929", "St John Street, London, Greater London, England, UK", "English", "Dolby Digital", "1.85 : 1", "Color", "13", "9", "False", "False", "False"
"172", "Chinatown", "8.1", "https://www.imdb.com/title/tt0071315/", "https://m.media-amazon.com/images/M/MV5BNmRmZTE0NmUtZjhiZi00MzQ3LTk3ZjctN2Q3ODYzY2U3MDk3XkEyXkFqcGc@._V1_.jpg", "A private detective hired to expose an adulterer in 1930s Los Angeles finds himself caught up in a web of deceit, corruption, and murder.", "Drama, Mystery, Thriller", "130", "R", "Movie", "neo noir, private detective, incest, femme fatale, water rights", "US", "1128", "DOWN 64", "Roman Polanski", "Robert Towne, Roman Polanski", "Jack Nicholson, Faye Dunaway, John Huston", "Jack Nicholson, Faye Dunaway, John Huston, Perry Lopez", "USD 6,000,000", "", "USD 29,200,000", "USD 29,236,061", "Big Tujunga Wash at Foothill Blvd., Sunland, Los Angeles, California, USA", "English, Cantonese, Spanish", "Mono", "2.35 : 1", "Color", "21", "24", "False", "False", "False"
"173", "Catch Me If You Can", "8.1", "https://www.imdb.com/title/tt0264464/", "https://m.media-amazon.com/images/M/MV5BMTY5MzYzNjc5NV5BMl5BanBnXkFtZTYwNTUyNTc2._V1_.jpg", "A runaway teenager lives an exciting life by forging checks and impersonating several professions, but his fraudulent activities soon attract the attention of the FBI.", "Biography, Crime, Drama", "141", "PG-13", "Movie", "impostor, deception, fraud, race against time, false identity", "US", "370", "DOWN 8", "Steven Spielberg", "Frank Abagnale Jr., Stan Redding, Jeff Nathanson", "Leonardo DiCaprio, Tom Hanks, Christopher Walken", "Leonardo DiCaprio, Tom Hanks, Christopher Walken, Martin Sheen", "USD 52,000,000", "USD 30,053,627", "USD 164,615,351", "USD 352,114,312", "Alcatraz Prison, Alcatraz Island, San Francisco Bay, California, USA", "English, French", "DTS, Dolby Digital, SDDS", "1.85 : 1", "Color", "16", "46", "False", "False", "False"
"174", "V for Vendetta", "8.1", "https://www.imdb.com/title/tt0434409/", "https://m.media-amazon.com/images/M/MV5BZDEwOTRjNjgtOGY0MC00NGYxLWFmYmQtNjc1ZjVhMTc0OWUxXkEyXkFqcGc@._V1_.jpg", "A young woman living in a dystopian society meets a shadowy freedom fighter who is plotting to overthrow their tyrannical government.", "Action, Drama, Sci-Fi", "132", "R", "Movie", "revolution, freedom, masked vigilante, vigilante, dystopia", "US", "887", "DOWN 22", "James McTeigue", "Lilly Wachowski, Lana Wachowski, David Lloyd", "Hugo Weaving, Natalie Portman, Rupert Graves", "Hugo Weaving, Natalie Portman, Rupert Graves, Stephen Rea", "USD 54,000,000", "USD 25,642,340", "USD 70,511,035", "USD 134,686,457", "Aldwych Underground Railway Station, Surrey Street, Aldwych, Westminster, Greater London, England, UK", "English, French, Latin, Spanish", "DTS, Dolby Digital, SDDS, Dolby Atmos", "2.35 : 1", "Color", "7", "29", "False", "False", "False"
"175", "La meglio gioventù", "8.4", "https://www.imdb.com/title/tt0346336/", "https://m.media-amazon.com/images/M/MV5BYzcxMTE2YjUtMzIyMy00NDNjLWE3ZWYtODQzYmNhNDVhNDZmXkEyXkFqcGc@._V1_.jpg", "An Italian epic that follows the lives of two brothers from the 1960s to the 2000s.", "Drama, Romance", "374", "R", "movie", "", "", "", "", "", "", "", "", "", "", "", "", "", "", "", "", "", "", "", "", "", ""
"176", "Dead Poets Society", "8.1", "https://www.imdb.com/title/tt0097165/", "https://m.media-amazon.com/images/M/MV5BMDYwNGVlY2ItMWYxMS00YjZiLWE5MTAtYWM5NWQ2ZWJjY2Q3XkEyXkFqcGc@._V1_.jpg", "A maverick teacher at a prestigious New England boys&apos; boarding school uses poetry to embolden his pupils to new heights of self-expression.", "Comedy, Drama", "128", "PG", "Movie", "education, free thinking, suicide, puberty, anti conformity", "US", "362", "DOWN 13", "Peter Weir", "", "Robin Williams, Robert Sean Leonard, Ethan Hawke", "Robin Williams, Robert Sean Leonard, Ethan Hawke, Josh Charles", "USD 16,400,000", "USD 340,456", "USD 95,860,116", "USD 235,860,116", "St. Andrew's School - 350 Noxontown Road, Middletown, Delaware, USA", "English, Latin, French", "", "1.85 : 1", "Color", "20", "19", "False", "False", "False"
"177", "Inside Out", "8.1", "https://www.imdb.com/title/tt2096673/", "https://m.media-amazon.com/images/M/MV5BOTgxMDQwMDk0OF5BMl5BanBnXkFtZTgwNjU5OTg2NDE@._V1_.jpg", "After a young girl is uprooted from her Midwest life and moved to San Francisco, her emotions conflict on how best to navigate her new reality.", "Animation, Adventure, Comedy", "95", "PG", "Movie", "joy, sadness, anger, memory, disgust", "US", "1184", "UP 30", "", "Pete Docter, Ronnie Del Carmen, Meg LeFauve", "Amy Poehler, Bill Hader, Lewis Black", "Amy Poehler, Bill Hader, Lewis Black, Phyllis Smith", "USD 175,000,000", "USD 90,440,272", "USD 356,461,711", "USD 859,076,401", "Pixar Animation Studios - 1200 Park Avenue, Emeryville, California, USA", "English, Portuguese, Latvian", "Dolby Digital, Datasat, Dolby Atmos, SDDS, Dolby Surround 7.1, Auro 11.1, 12-Track Digital Sound, D-Cinema 48kHz Dolby Surround 7.1, D-Cinema 96kHz 7.1, D-Cinema 96kHz 5.1", "", "Color", "99", "120", "False", "False", "False"
"178", "Trainspotting", "8.1", "https://www.imdb.com/title/tt0117951/", "https://m.media-amazon.com/images/M/MV5BYmVkNGJkMzQtYWQwOS00OTZmLThjODQtZjNjNzllYzRiNTE0XkEyXkFqcGc@._V1_.jpg", "Renton, deeply immersed in the Edinburgh drug scene, tries to clean up and get out despite the allure of drugs and the influence of friends.", "Crime, Drama", "93", "R", "Movie", "filthy toilet, scotland, scottish, dark comedy, voice over narration", "GB", "470", "UP 93", "Danny Boyle", "Irvine Welsh, John Hodge", "Ewan McGregor, Ewen Bremner, Jonny Lee Miller", "Ewan McGregor, Ewen Bremner, Jonny Lee Miller, Kevin McKidd", "GBP 1,500,000", "USD 262,673", "USD 16,892,333", "USD 17,713,528", "Corrour Railway Station, Highland, Scotland, UK", "English", "Dolby Digital", "1.85 : 1", "Color", "23", "35", "False", "False", "False"
"179", "Harry Potter and the Deathly Hallows: Part 2", "8.1", "https://www.imdb.com/title/tt1201607/", "https://m.media-amazon.com/images/M/MV5BOTA1Mzc2N2ItZWRiNS00MjQzLTlmZDQtMjU0NmY1YWRkMGQ4XkEyXkFqcGc@._V1_.jpg", "Harry, Ron and Hermione set out on a quest to eliminate the remaining horcruxes. On the other hand, the students and teachers must unite to defend Hogwarts against Lord Voldemort and his army.", "Adventure, Family, Fantasy", "130", "PG-13", "Movie", "snake, school of magic, evil sorcerer, friendship, based on novel", "GB", "425", "UP 81", "David Yates", "Steve Kloves, J.K. Rowling", "Daniel Radcliffe, Emma Watson, Rupert Grint", "Daniel Radcliffe, Emma Watson, Rupert Grint, Ralph Fiennes", "USD 25,000,000", "USD 169,189,427", "USD 381,884,297", "USD 1,380,707,407", "Freshwater West Beach, Castlemartin, Pembroke, Pembrokeshire, Wales, UK", "English, Latin", "Dolby Digital, Datasat, Dolby Surround 7.1, SDDS, Sonics-DDP", "2.39 : 1", "", "50", "96", "False", "False", "False"
"180", "Three Billboards Outside Ebbing, Missouri", "8.1", "https://www.imdb.com/title/tt5027774/", "https://m.media-amazon.com/images/M/MV5BMjI0ODcxNzM1N15BMl5BanBnXkFtZTgwMzIwMTEwNDI@._V1_.jpg", "A mother personally challenges the local authorities to solve her daughter&apos;s murder when they fail to catch the culprit.", "Comedy, Crime, Drama", "115", "R", "Movie", "billboard, death of daughter, ambiguous ending, small town, anger", "GB", "434", "UP 100", "Martin McDonagh", "", "Frances McDormand, Woody Harrelson, Sam Rockwell", "Frances McDormand, Woody Harrelson, Sam Rockwell, Caleb Landry Jones", "USD 15,000,000", "USD 322,168", "USD 54,513,740", "USD 162,729,321", "Black Mountain, North Carolina, USA", "English", "Dolby Digital", "2.35 : 1", "Color", "132", "234", "False", "False", "False"
"181", "The Bridge on the River Kwai", "8.1", "https://www.imdb.com/title/tt0050212/", "https://m.media-amazon.com/images/M/MV5BNzdkYmU2YmItNmZiYy00OWQyLTg0YWYtZmUxM2U3YTRiNTQ1XkEyXkFqcGc@._V1_.jpg", "British POWs are forced to build a railway bridge across the river Kwai for their Japanese captors in occupied Burma, not knowing that the allied forces are planning a daring commando raid through the jungle to destroy it.", "Adventure, Drama, War", "161", "PG", "Movie", "bridge, demolition, imperial japanese army, world war two, river", "GB", "809", "UP 1572", "David Lean", "Pierre Boulle, Carl Foreman, Michael Wilson", "William Holden, Alec Guinness, Jack Hawkins", "William Holden, Alec Guinness, Jack Hawkins, Sessue Hayakawa", "USD 3,000,000", "", "USD 27,200,000", "USD 27,202,719", "Ambepussa, Sri Lanka", "English, Japanese, Thai", "Dolby Atmos", "2.55 : 1", "", "30", "7", "False", "False", "False"
"182", "Rashômon", "8.1", "https://www.imdb.com/title/tt0042876/", "https://m.media-amazon.com/images/M/MV5BMTk1MDU5MjQ5NF5BMl5BanBnXkFtZTgwMDM2OTE4MzE@._V1_.jpg", "Three parties and a witness have four versions of a rape/murder in ninth-century Japan.", "Crime, Drama, Mystery", "88", "Not Rated", "Movie", "unreliable narration, contradictory accounts, multiple perspectives, forest, medium", "JP", "3130", "UP 201", "Akira Kurosawa", "Ryûnosuke Akutagawa, Akira Kurosawa, Shinobu Hashimoto", "Toshirō Mifune, Machiko Kyô, Masayuki Mori", "Toshirō Mifune, Machiko Kyô, Masayuki Mori, Takashi Shimura", "USD 250,000", "USD 15,942", "USD 46,808", "USD 147,443", "Komyoji Temple, Kyoto, Japan", "Japanese", "", "1.37 : 1", "Black and White", "9", "5", "False", "False", "False"
"183", "Barry Lyndon", "8.1", "https://www.imdb.com/title/tt0072684/", "https://m.media-amazon.com/images/M/MV5BNmM2MGQ5Y2UtYzA3ZC00ZDJlLTkwNDYtMjBmZGExZDJiN2RlXkEyXkFqcGc@._V1_.jpg", "An Irish rogue wins the heart of a rich widow and assumes her dead husband&apos;s aristocratic position in 18th-century England.", "Adventure, Drama, War", "185", "PG", "Movie", "18th century, social climber, based on novel, rise and fall, dysfunctional marriage", "GB", "1086", "DOWN 26", "Stanley Kubrick", "Stanley Kubrick, William Makepeace Thackeray", "Ryan O'Neal, Marisa Berenson, Patrick Magee", "Ryan O'Neal, Marisa Berenson, Patrick Magee, Hardy Krüger", "USD 11,000,000", "", "", "USD 597,331", "Carton House, Maynooth, County Kildare, Ireland", "English, German, French", "Mono", "1.66 : 1", "Color", "18", "14", "False", "False", "False"
"184", "The Wild Robot", "8.1", "https://www.imdb.com/title/tt29623480/", "https://m.media-amazon.com/images/M/MV5BZWNiZjVlZTUtNGUwYi00MjJmLTg2MDctNWEzYTJiMzY1ODc4XkEyXkFqcGc@._V1_.jpg", "A sentient robot stranded on an uninhabited island raises an orphaned gosling while trying to fit in with the local wildlife.", "Animation, Adventure, Family", "102", "PG", "Movie", "robot, talking robot, robot as protagonist, fox, mother son relationship", "US", "455", "DOWN 144", "Chris Sanders", "Chris Sanders, Peter Brown", "Lupita Nyong'o, Pedro Pascal, Kit Connor", "Lupita Nyong'o, Pedro Pascal, Kit Connor, Bill Nighy", "USD 78,000,000", "USD 35,790,150", "USD 143,901,945", "USD 334,509,500", "", "English, German, French, Spanish, Swahili, Japanese", "Dolby Digital, DTS:X, Dolby Atmos", "2.35 : 1", "", "96", "108", "False", "False", "False"
"185", "Ben-Hur", "8.1", "https://www.imdb.com/title/tt0052618/", "https://m.media-amazon.com/images/M/MV5BNjg2M2E1YzYtOThmMC00NjAyLWI5MzgtMDEwOGFiODdlOGUzXkEyXkFqcGc@._V1_.jpg", "A Jewish prince is betrayed and sent into slavery by a Roman friend in 1st-century Jerusalem, but it&apos;s not long before he regains his freedom and comes back for revenge.", "Adventure, Drama", "212", "G", "Movie", "leprosy, roman empire, talking to a horse, leper colony, jewish", "US", "1168", "UP 696", "William Wyler", "Lew Wallace, Karl Tunberg, Maxwell Anderson", "Charlton Heston, Jack Hawkins, Stephen Boyd", "Charlton Heston, Jack Hawkins, Stephen Boyd, Haya Harareet", "USD 15,000,000", "USD 241,792", "USD 74,432,704", "USD 74,445,133", "Corner of Via di Salone and Via delle Case Rosse, Salone Caves, Rome, Lazio, Italy", "English", "", "2.75 : 1", "", "29", "13", "False", "False", "False"
"186", "Warrior", "8.1", "https://www.imdb.com/title/tt1291584/", "https://m.media-amazon.com/images/M/MV5BMTk4ODk5MTMyNV5BMl5BanBnXkFtZTcwMDMyNTg0Ng@@._V1_.jpg", "The youngest son of an alcoholic former boxer returns home, where he&apos;s trained by his father for competition in a mixed martial arts tournament - a path that puts the fighter on a collision course with his estranged, older brother.", "Action, Drama, Sport", "140", "PG-13", "Movie", "brother brother relationship, father son relationship, tournament, martial arts tournament, mixed martial arts", "US", "911", "DOWN 159", "Gavin O'Connor", "Gavin O'Connor, Anthony Tambakis, Cliff Dorfman", "Tom Hardy, Nick Nolte, Joel Edgerton", "Tom Hardy, Nick Nolte, Joel Edgerton, Jennifer Morrison", "USD 25,000,000", "USD 5,242,107", "USD 13,657,115", "USD 23,308,615", "Meadows Racetrack & Casino - 210 Racetrack Road, Washington, Pennsylvania, USA", "English, Spanish", "Dolby Digital, Datasat, SDDS, Dolby Surround 7.1, Dolby Atmos", "2.35 : 1", "Color", "6", "22", "False", "False", "False"
"187", "Hacksaw Ridge", "8.1", "https://www.imdb.com/title/tt2119532/", "https://m.media-amazon.com/images/M/MV5BMjQ1NjM3MTUxNV5BMl5BanBnXkFtZTgwMDc5MTY5OTE@._V1_.jpg", "World War II American Army Medic Desmond T. Doss, serving during the Battle of Okinawa, refuses to kill people and becomes the first man in American history to receive the Medal of Honor without firing a shot.", "Biography, Drama, History", "139", "R", "Movie", "world war two, conscientious objector, soldier, medic, 1940s", "US", "426", "DOWN 3", "Mel Gibson", "Robert Schenkkan, Andrew Knight", "Andrew Garfield, Sam Worthington, Luke Bracey", "Andrew Garfield, Sam Worthington, Luke Bracey, Richard Pyros", "USD 40,000,000", "USD 15,190,758", "USD 67,209,615", "USD 180,405,140", "Sydney, New South Wales, Australia", "English, Japanese", "Dolby Atmos, SDDS, Datasat, Auro 11.1, Dolby Surround 7.1", "2.35 : 1", "Color", "57", "115", "False", "False", "False"
"188", "Fargo", "8.1", "https://www.imdb.com/title/tt0116282/", "https://m.media-amazon.com/images/M/MV5BNjg4MWE0MjEtODFhNy00MjA5LTg5ODktMzgwNWFmZTAwNjBlXkEyXkFqcGc@._V1_.jpg", "A car salesman&apos;s inept crime falls apart due to his and his henchmen&apos;s bungling and the persistent police work of a dogged detective.", "Crime, Drama, Thriller", "98", "R", "Movie", "dark comedy, car salesman, botched crime, one word title, police", "GB", "224", "UP 134", "", "Ethan Coen, Joel Coen", "William H. Macy, Frances McDormand, Steve Buscemi", "William H. Macy, Frances McDormand, Steve Buscemi, Peter Stormare", "USD 7,000,000", "USD 730,265", "USD 24,611,975", "USD 60,611,975", "Grafton, North Dakota, USA", "English", "Dolby SR", "1.85 : 1", "Color", "84", "59", "False", "False", "False"
"189", "Mad Max: Fury Road", "8.1", "https://www.imdb.com/title/tt1392190/", "https://m.media-amazon.com/images/M/MV5BZDRkODJhOTgtOTc1OC00NTgzLTk4NjItNDgxZDY4YjlmNDY2XkEyXkFqcGc@._V1_.jpg", "In a post-apocalyptic wasteland, a woman rebels against a tyrannical ruler in search for her homeland with the aid of a group of female prisoners, a psychotic worshipper and a drifter named Max.", "Action, Adventure, Sci-Fi", "120", "R", "Movie", "post apocalypse, desert, car chase, escape, chase", "AU", "518", "DOWN 20", "George Miller", "George Miller, Brendan McCarthy, Nick Lathouris", "Tom Hardy, Charlize Theron, Nicholas Hoult", "Tom Hardy, Charlize Theron, Nicholas Hoult, Hugh Keays-Byrne", "USD 150,000,000", "USD 45,428,128", "USD 154,280,290", "USD 380,456,026", "Namib Desert, Namibia", "English, Russian", "Dolby Digital, Datasat, SDDS, Dolby Atmos", "2.39 : 1", "Color", "246", "240", "False", "False", "False"
"190", "Ratatouille", "8.1", "https://www.imdb.com/title/tt0382932/", "https://m.media-amazon.com/images/M/MV5BMTMzODU0NTkxMF5BMl5BanBnXkFtZTcwMjQ4MzMzMw@@._V1_.jpg", "A rat who can cook makes an unusual alliance with a young kitchen worker at a famous Paris restaurant.", "Animation, Adventure, Comedy", "111", "G", "Movie", "chef, rat, soup, animal protagonist, talking rat", "US", "586", "UP 8", "", "Brad Bird, Jan Pinkava, Jim Capobianco", "Brad Garrett, Lou Romano, Patton Oswalt", "Brad Garrett, Lou Romano, Patton Oswalt, Ian Holm", "USD 150,000,000", "USD 47,027,395", "USD 206,445,654", "USD 623,746,563", "Pixar Animation Studios - 1200 Park Avenue, Emeryville, California, USA", "English, French", "SDDS, Dolby Digital, Dolby Atmos", "2.39 : 1", "Color", "69", "42", "False", "False", "False"
"191", "Million Dollar Baby", "8.1", "https://www.imdb.com/title/tt0405159/", "https://m.media-amazon.com/images/M/MV5BMTkxNzA1NDQxOV5BMl5BanBnXkFtZTcwNTkyMTIzMw@@._V1_.jpg", "Frankie, an ill-tempered old coach, reluctantly agrees to train aspiring boxer Maggie. Impressed with her determination and talent, he helps her become the best and the two soon form a close bond.", "Drama, Sport", "132", "PG-13", "Movie", "boxing, women boxing, boxing trainer, strong female character, determination", "US", "711", "UP 292", "Clint Eastwood", "Paul Haggis, F.X. Toole", "Hilary Swank, Clint Eastwood, Morgan Freeman", "Hilary Swank, Clint Eastwood, Morgan Freeman, Jay Baruchel", "USD 30,000,000", "USD 179,953", "USD 100,492,203", "USD 216,763,646", "Hollywood Athletic Club - 6525 W. Sunset Blvd., Hollywood, Los Angeles, California, USA", "English, Irish Gaelic, German", "DTS, Dolby Digital, SDDS", "2.39 : 1", "Color", "68", "86", "False", "False", "False"
"192", "Bacheha-ye aseman", "8.2", "https://www.imdb.com/title/tt0118849/", "https://m.media-amazon.com/images/M/MV5BZWZlMjNhNzgtZGRhOS00Y2U5LThjOTctODNjZTI0ZTBiYzBhXkEyXkFqcGc@._V1_.jpg", "After a boy loses his sister&apos;s pair of shoes, he goes on a series of adventures in order to find them. When he can&apos;t, he tries a new way to &quot;win&quot; a new pair.", "Drama, Family, Sport", "89", "PG", "movie", "", "", "", "", "", "", "", "", "", "", "", "", "", "", "", "", "", "", "", "", "", ""
"193", "Tonari no Totoro", "8.1", "https://www.imdb.com/title/tt0096283/", "https://m.media-amazon.com/images/M/MV5BYWM3MDE3YjEtMzIzZC00ODE5LTgxNTItNmUyMTBkM2M2NmNiXkEyXkFqcGc@._V1_.jpg", "When two girls move to the country to be near their ailing mother, they have adventures with the wondrous forest spirits who live nearby.", "Animation, Adventure, Comedy", "86", "G", "Movie", "sister sister relationship, father daughter relationship, sick mother, child protagonist, rural setting", "JP", "1252", "UP 56", "Hayao Miyazaki", "", "Hitoshi Takagi, Noriko Hidaka, Chika Sakamoto", "Hitoshi Takagi, Noriko Hidaka, Chika Sakamoto, Shigesato Itoi", "USD 3,700,000", "USD 539,245", "USD 3,065,902", "USD 32,042,432", "", "Japanese", "Dolby Stereo", "", "Color", "6", "2", "False", "False", "False"
"194", "Gran Torino", "8.1", "https://www.imdb.com/title/tt1205489/", "https://m.media-amazon.com/images/M/MV5BMTc5NTk2OTU1Nl5BMl5BanBnXkFtZTcwMDc3NjAwMg@@._V1_.jpg", "After a Hmong teenager tries to steal his prized 1972 Gran Torino, a disgruntled, prejudiced Korean War veteran seeks to redeem both the boy and himself.", "Drama", "116", "R", "Movie", "widower, gang, teenager, hmong, war veteran", "US", "1218", "DOWN 228", "Clint Eastwood", "Nick Schenk, Dave Johannson", "Clint Eastwood, Bee Vang, Christopher Carley", "Clint Eastwood, Bee Vang, Christopher Carley, Ahney Her", "USD 33,000,000", "USD 271,720", "USD 148,095,302", "USD 269,958,228", "238 Rhode Island Street Highland Park Michigan, USA", "English, Hmong", "DTS, Dolby Digital, SDDS", "2.39 : 1", "Color", "21", "23", "False", "False", "False"
"195", "Raging Bull", "8.1", "https://www.imdb.com/title/tt0081398/", "https://m.media-amazon.com/images/M/MV5BMjlkYmYyZWQtNTZkOS00ZjA0LWEwNWUtNzE2ZGNiYjg0MjA2XkEyXkFqcGc@._V1_.jpg", "The life of boxer Jake LaMotta, whose violence and temper that led him to the top in the ring destroyed his life outside of it.", "Biography, Drama, Sport", "129", "R", "Movie", "dysfunctional family, boxing, jealousy, new york city, domestic violence", "US", "1354", "UP 96", "Martin Scorsese", "Jake LaMotta, Joseph Carter, Peter Savage", "Robert De Niro, Cathy Moriarty, Joe Pesci", "Robert De Niro, Cathy Moriarty, Joe Pesci, Frank Vincent", "USD 18,000,000", "USD 128,590", "USD 23,383,987", "USD 23,406,558", "Hell's Kitchen, Manhattan, New York City, New York, USA", "English", "Dolby Stereo", "1.85 : 1", "Black and White, Color", "24", "28", "False", "False", "False"
"196", "12 Years a Slave", "8.1", "https://www.imdb.com/title/tt2024544/", "https://m.media-amazon.com/images/M/MV5BMjExMTEzODkyN15BMl5BanBnXkFtZTcwNTU4NTc4OQ@@._V1_.jpg", "In the antebellum United States, Solomon Northup, a free black man from upstate New York, is abducted and sold into slavery.", "Biography, Drama, History", "134", "R", "Movie", "separation from family, racism, rape, slavery, 1840s", "GB", "745", "UP 184", "Steve McQueen", "John Ridley, Solomon Northup", "Chiwetel Ejiofor, Michael Kenneth Williams, Michael Fassbender", "Chiwetel Ejiofor, Michael Kenneth Williams, Michael Fassbender, Dwight Henry", "USD 20,000,000", "USD 923,715", "USD 56,671,993", "USD 187,734,091", "Madame John's Legacy, the French Quarter, New Orleans, Louisiana, USA", "English", "Dolby Digital, SDDS, Dolby Surround 7.1", "2.35 : 1", "Color", "244", "338", "False", "False", "False"
"197", "How to Train Your Dragon", "8.1", "https://www.imdb.com/title/tt0892769/", "https://m.media-amazon.com/images/M/MV5BMjA5NDQyMjc2NF5BMl5BanBnXkFtZTcwMjg5ODcyMw@@._V1_.jpg", "A hapless young Viking who aspires to hunt dragons becomes the unlikely friend of a young dragon himself, and learns there may be more to the creatures than he assumed.", "Animation, Action, Adventure", "98", "PG", "Movie", "dragon, viking, father son relationship, village, training", "US", "1089", "UP 45", "", "William Davies, Dean DeBlois, Chris Sanders", "Jay Baruchel, Gerard Butler, Christopher Mintz-Plasse", "Jay Baruchel, Gerard Butler, Christopher Mintz-Plasse, Craig Ferguson", "USD 165,000,000", "USD 43,732,319", "USD 217,581,231", "USD 494,879,860", "DreamWorks Animation - 1000 Flower Street, Glendale, California, USA", "English", "Dolby Digital, DTS, SDDS", "2.39 : 1", "Color", "25", "63", "False", "False", "False"
"198", "Salinui chueok", "8.1", "https://www.imdb.com/title/tt0353969/", "https://m.media-amazon.com/images/M/MV5BYmRjOWE5NmMtYTdkYS00ODFlLWJiMTMtYzE2NDZlZjlkZDQ0XkEyXkFqcGc@._V1_.jpg", "In a small Korean province in 1986, two detectives struggle with the case of multiple young women being found raped and murdered by an unknown culprit.", "Crime, Drama, Mystery", "131", "Not Rated", "Movie", "police, 1980s, anti hero, criminal investigation, neo noir", "KR", "393", "UP 9", "Bong Joon Ho", "Bong Joon Ho, Kwang-rim Kim, Sung-bo Shim", "Song Kang-ho, Kim Sang-kyung, Kim Roe-ha", "Song Kang-ho, Kim Sang-kyung, Kim Roe-ha, Song Jae-ho", "USD 2,800,000", "USD 4,487", "USD 15,357", "USD 1,214,540", "South Korea", "Korean, English", "Dolby Digital", "1.85 : 1", "Color", "34", "13", "False", "False", "False"
"199", "The Grand Budapest Hotel", "8.1", "https://www.imdb.com/title/tt2278388/", "https://m.media-amazon.com/images/M/MV5BMzM5NjUxOTEyMl5BMl5BanBnXkFtZTgwNjEyMDM0MDE@._V1_.jpg", "The owner of an aging high-class hotel regales a writer with tales of serving as a lobby boy under an exceptional concierge in the hotel&apos;s glory years.", "Comedy, Drama", "99", "R", "Movie", "hotel, lobby boy, painting, mentor protege relationship, first person narration", "US", "577", "DOWN 15", "Wes Anderson", "Stefan Zweig, Wes Anderson, Hugo Guinness", "Ralph Fiennes, F. Murray Abraham, Mathieu Amalric", "Ralph Fiennes, F. Murray Abraham, Mathieu Amalric, Adrien Brody", "USD 25,000,000", "USD 811,166", "USD 59,301,324", "USD 174,567,384", "Görlitz, Saxony, Germany", "English, French, German", "SDDS, Datasat, Dolby Digital, Dolby Surround 7.1", "", "Color, Black and White", "137", "227", "False", "False", "False"
"200", "Before Sunrise", "8.1", "https://www.imdb.com/title/tt0112471/", "https://m.media-amazon.com/images/M/MV5BZDZhZmI1ZTUtYWI3NC00NTMwLTk3NWMtNDc0OGNjM2I0ZjlmXkEyXkFqcGc@._V1_.jpg", "A young man and woman meet on a train in Europe, and wind up spending one evening together in Vienna. Unfortunately, both know that this will probably be their only night together.", "Comedy, Drama, Romance", "101", "R", "Movie", "train, tourist, one night stand, kiss, travelling by train", "US", "675", "UP 64", "Richard Linklater", "Richard Linklater, Kim Krizan", "Ethan Hawke, Julie Delpy, Andrea Eckert", "Ethan Hawke, Julie Delpy, Andrea Eckert, Hanno Pöschl", "USD 2,500,000", "USD 1,423,537", "USD 5,535,405", "USD 6,644,294", "Riesenrad, Prater, Vienna, Austria", "English, German, French", "Dolby SR, Dolby Digital", "1.85 : 1", "Color", "2", "7", "False", "False", "False"
"201", "Monsters, Inc.", "8.1", "https://www.imdb.com/title/tt0198781/", "https://m.media-amazon.com/images/M/MV5BMTY1NTI0ODUyOF5BMl5BanBnXkFtZTgwNTEyNjQ0MDE@._V1_.jpg", "Two monsters whose job is to make human children scream accidentally let a little girl into their world and must now protect her from their own kind to return her home unscathed.", "Animation, Adventure, Comedy", "92", "G", "Movie", "monster world, human nonhuman relationship, monster, birthday, birthday dinner", "US", "807", "DOWN 34", "", "Pete Docter, Jill Culton, Jeff Pidgeon", "Billy Crystal, John Goodman, Mary Gibbs", "Billy Crystal, John Goodman, Mary Gibbs, Steve Buscemi", "USD 115,000,000", "USD 62,577,067", "USD 290,642,256", "USD 579,773,055", "Pixar Animation Studios - 1200 Park Avenue, Emeryville, California, USA", "English", "SDDS, Dolby Digital", "", "Color", "15", "38", "False", "False", "False"
"202", "Blade Runner", "8.1", "https://www.imdb.com/title/tt0083658/", "https://m.media-amazon.com/images/M/MV5BOWQ4YTBmNTQtMDYxMC00NGFjLTkwOGQtNzdhNmY1Nzc1MzUxXkEyXkFqcGc@._V1_.jpg", "A blade runner must pursue and terminate four replicants who stole a ship in space and have returned to Earth to find their creator.", "Action, Drama, Sci-Fi", "117", "R", "Movie", "tech noir, cyberpunk, police detective, existentialism, dystopia", "US", "304", "UP 29", "Ridley Scott", "Hampton Fancher, David Webb Peoples, Philip K. Dick", "Harrison Ford, Rutger Hauer, Sean Young", "Harrison Ford, Rutger Hauer, Sean Young, Edward James Olmos", "USD 28,000,000", "USD 6,150,002", "USD 32,914,489", "USD 41,824,552", "Bradbury Building - 304 S. Broadway, Downtown, Los Angeles, California, USA", "English, German, Cantonese, Japanese, Hungarian, Arabic, Korean", "Dolby Atmos", "2.39 : 1", "Color", "16", "22", "False", "False", "False"
"203", "Gone Girl", "8.1", "https://www.imdb.com/title/tt2267998/", "https://m.media-amazon.com/images/M/MV5BMTk0MDQ3MzAzOV5BMl5BanBnXkFtZTgwNzU1NzE3MjE@._V1_.jpg", "The husband of a missing woman becomes the main suspect in her disappearance.", "Drama, Mystery, Thriller", "149", "R", "Movie", "missing person, disappearance, murder suspect, husband wife relationship, based on novel", "US", "150", "UP 17", "David Fincher", "", "Ben Affleck, Rosamund Pike, Neil Patrick Harris", "Ben Affleck, Rosamund Pike, Neil Patrick Harris, Tyler Perry", "USD 61,000,000", "USD 37,513,109", "USD 167,767,189", "USD 370,890,259", "Cape Girardeau, Missouri, USA", "English", "Dolby Digital, Dolby Atmos, Datasat, Dolby Surround 7.1, SDDS", "2.39 : 1", "Color, Black and White", "65", "192", "False", "False", "False"
"204", "Ford v Ferrari", "8.1", "https://www.imdb.com/title/tt1950186/", "https://m.media-amazon.com/images/M/MV5BOTBjNTEyNjYtYjdkNi00YzE5LTljYzUtZjVlYmYwZmJmZWYxXkEyXkFqcGc@._V1_.jpg", "American car designer Carroll Shelby and driver Ken Miles battle corporate interference and the laws of physics to build a revolutionary race car for Ford in order to defeat Ferrari at the 24 Hours of Le Mans in 1966.", "Action, Biography, Drama", "152", "PG-13", "Movie", "car racing, based on true story, 24 hours le mans race, 24 hours of le mans, ford motor company", "US", "625", "DOWN 12", "James Mangold", "Jez Butterworth, John-Henry Butterworth, Jason Keller", "Matt Damon, Christian Bale, Jon Bernthal", "Matt Damon, Christian Bale, Jon Bernthal, Caitríona Balfe", "USD 97,600,000", "USD 31,474,958", "USD 117,624,357", "USD 226,299,480", "Savannah, Georgia, USA", "English, Italian, French, Japanese", "Dolby Atmos, Dolby Digital, SDDS, Datasat, DTS:X, IMAX 6-Track", "2.39 : 1", "Color", "26", "86", "False", "False", "False"
"205", "Jaws", "8.1", "https://www.imdb.com/title/tt0073195/", "https://m.media-amazon.com/images/M/MV5BYjViNDQzNmUtYzkxZi00NTk5LTljMmItYjJlZmZkODIxNjU1XkEyXkFqcGc@._V1_.jpg", "When a massive killer shark unleashes chaos on a beach community off Long Island, it&apos;s up to the local police chief, a marine biologist, and an old seafarer to hunt the beast down.", "Adventure, Drama, Horror", "124", "PG", "", "", "", "", "", "", "", "", "", "", "", "", "", "", "", "", "", "", "0", "0", "False", "False", "False"
"206", "In the Name of the Father", "8.1", "https://www.imdb.com/title/tt0107207/", "https://m.media-amazon.com/images/M/MV5BMGZiZDVjNzYtZWM4ZC00MzVkLThhNDEtMDJlOTBhYzVjMmNhXkEyXkFqcGc@._V1_.jpg", "An Irish man&apos;s coerced confession to an I.R.A. bombing he did not commit results in the imprisonment of his father as well. Meanwhile, a British lawyer fights to clear their names and free them.", "Biography, Crime, Drama", "133", "R", "Movie", "father son relationship, ireland, based on true story, wrongfully convicted of murder, wrongful conviction", "IE", "1887", "DOWN 99", "Jim Sheridan", "Gerry Conlon, Terry George, Jim Sheridan", "Daniel Day-Lewis, Pete Postlethwaite, Anthony Brophy", "Daniel Day-Lewis, Pete Postlethwaite, Anthony Brophy, Emma Thompson", "USD 13,000,000", "USD 109,805", "USD 25,096,862", "USD 65,796,862", "Kilmainham Jail, Dublin, County Dublin, Ireland", "English", "Dolby Stereo, DTS", "1.85 : 1", "Color", "7", "41", "False", "False", "False"
"207", "Spider-Man: No Way Home", "8.1", "https://www.imdb.com/title/tt10872600/", "https://m.media-amazon.com/images/M/MV5BMmFiZGZjMmEtMTA0Ni00MzA2LTljMTYtZGI2MGJmZWYzZTQ2XkEyXkFqcGc@._V1_.jpg", "Peter Parker turns to Doctor Strange after his identity destroys the life he knows, but a magical mistake draws powerful outsiders into his world and forces him to confront what being Spider Man really means.", "Action, Adventure, Fantasy", "148", "PG-13", "Movie", "spider man character, superhero, marvel cinematic universe, villain, green goblin character", "US", "89", "DOWN 34", "Jon Watts", "Chris McKenna, Erik Sommers, Stan Lee", "Tom Holland, Zendaya, Benedict Cumberbatch", "Tom Holland, Zendaya, Benedict Cumberbatch, Jacob Batalon", "USD 200,000,000", "USD 260,138,569", "USD 814,866,759", "USD 1,921,426,073", "Iceland", "English, Tagalog", "Dolby Atmos, Dolby Digital, Dolby Surround 7.1, IMAX 6-Track, Auro 11.1, SDDS, DTS:X", "2.39 : 1", "Color", "35", "72", "False", "False", "False"
"208", "Relatos salvajes", "8.1", "https://www.imdb.com/title/tt3011894/", "https://m.media-amazon.com/images/M/MV5BNzAzMjA1ODAxOV5BMl5BanBnXkFtZTgwODg4NTQzNDE@._V1_.jpg", "Six short stories that explore the extremities of human behavior involving people in distress.", "Comedy, Drama, Thriller", "122", "R", "Movie", "anthology film, suicide by airplane crash, violence, sex scene, revenge", "AR", "1251", "UP 158", "Damián Szifron", "Julian Loyola, Germán Servidio, Damián Szifron", "Darío Grandinetti, María Marull, Mónica Villa", "Darío Grandinetti, María Marull, Mónica Villa, Diego Starosta", "USD 3,300,000", "USD 85,100", "USD 3,106,530", "USD 31,478,893", "Cafayate, Salta, Argentina", "Spanish", "Dolby Surround 7.1", "2.35 : 1", "Color", "50", "58", "False", "False", "False"
"209", "Gekijô-ban Chensô Man Reze-hen", "8.3", "https://www.imdb.com/title/tt30472557/", "https://m.media-amazon.com/images/M/MV5BZmMzNGVhODktYmU5MS00MDg1LThlNTEtNTMyYTg5MDA0Njk4XkEyXkFqcGc@._V1_.jpg", "A direct sequel to the first season of the series &quot;Chainsaw Man&quot;, featuring Denji, a young man who co-exists with a chainsaw demon. Denji encounters a new romantic interest, but will his involvement place them both in danger?", "Animation, Action, Adventure", "100", "R", "movie", "", "", "", "", "", "", "", "", "", "", "", "", "", "", "", "", "", "", "", "", "", ""
"210", "The Gold Rush", "8.1", "https://www.imdb.com/title/tt0015864/", "https://m.media-amazon.com/images/M/MV5BNGU1NjYzYTAtZmY0YS00NWIzLTkzNzUtYzc2ZTIyOTIxZjVhXkEyXkFqcGc@._V1_.jpg", "A prospector goes to the Klondike during the 1890s gold rush in hopes of making his fortune, and is smitten with a girl he sees in a dance hall.", "Adventure, Comedy, Drama", "95", "Approved", "Movie", "klondike gold rush, klondike, national film registry, gold, gold rush", "US", "", "", "Charles Chaplin", "", "Charles Chaplin, Mack Swain, Tom Murray", "Charles Chaplin, Mack Swain, Tom Murray, Henry Bergman", "USD 923,000", "", "", "USD 83,020", "Sierra Nevada Mountains, California, USA", "None, English", "Silent", "1.33 : 1", "Black and White", "7", "3", "False", "False", "False"
"211", "Sherlock Jr.", "8.1", "https://www.imdb.com/title/tt0015324/", "https://m.media-amazon.com/images/M/MV5BMjQzM2E2NjYtYmRjMC00ZmVlLTljZTgtNmQ5MGZlNDYyZTc5XkEyXkFqcGc@._V1_.jpg", "A film projectionist longs to be a detective, and puts his meagre skills to work when he is framed by a rival for stealing his girlfriend&apos;s father&apos;s pocketwatch.", "Action, Comedy, Romance", "45", "Passed", "Movie", "false accusation, national film registry, surrealism, movie reality crossover, film within a film", "US", "", "", "Buster Keaton", "Jean C. Havez, Joseph A. Mitchell, Clyde Bruckman", "Buster Keaton, Kathryn McGuire, Joe Keaton", "Buster Keaton, Kathryn McGuire, Joe Keaton, Erwin Connelly", "", "", "", "USD 12,065", "3630 Pasadena Ave, Los Angeles, California, USA", "None, English", "Silent", "1.33 : 1", "Black and White", "2", "0", "False", "False", "False"
"212", "Koe no katachi", "8.2", "https://www.imdb.com/title/tt5323662/", "https://m.media-amazon.com/images/M/MV5BOTFiNzRiOWEtYTQwNy00NmRiLWE0ZWYtNTE0YjExZjFmZjkwXkEyXkFqcGc@._V1_.jpg", "A deaf girl, Shoko, is bullied by the popular Shoya. As Shoya continues to bully Shoko, the class turns its back on him. Shoko transfers and Shoya grows up as an outcast. Alone and depressed, the regretful Shoya finds Shoko to mak...", "Animation, Drama", "130", "Not Rated", "movie", "", "", "", "", "", "", "", "", "", "", "", "", "", "", "", "", "", "", "", "", "", ""
"213", "Mary and Max.", "8.1", "https://www.imdb.com/title/tt0978762/", "https://m.media-amazon.com/images/M/MV5BNzY2Mjc4NjMtNGY4Mi00NzM5LTk3ZTQtN2VkNzVkMzRmM2Y2XkEyXkFqcGc@._V1_.jpg", "In 1976 Melbourne, a lonely 8-year-old girl strikes up a correspondence with an unlikely pen pal: a severely obese 44-year-old New Yorker with Asperger&apos;s syndrome.", "Animation, Comedy, Drama", "92", "Not Rated", "Movie", "asperger's syndrome, adult animation, unlikely friendship, friendship, stop motion animation", "AU", "3097", "DOWN 66", "Adam Elliot", "", "Toni Collette, Philip Seymour Hoffman, Eric Bana", "Toni Collette, Philip Seymour Hoffman, Eric Bana, Christopher Massey", "AUD 8,240,000", "", "", "USD 1,740,845", "Melbourne, Victoria, Australia", "English, Yiddish", "Dolby Digital", "1.85 : 1", "Color, Black and White", "6", "9", "False", "False", "False"
"214", "The Deer Hunter", "8.1", "https://www.imdb.com/title/tt0077416/", "https://m.media-amazon.com/images/M/MV5BZGI4YmVhMzMtMWExMS00MGZiLTg2MmItM2I2MWZjODAyM2U5XkEyXkFqcGc@._V1_.jpg", "The lives of a group of friends are forever changed by the Vietnam War.", "Drama, War", "183", "R", "Movie", "russian roulette, vietnam war, prisoner of war, wedding reception, torture", "US", "800", "UP 276", "Michael Cimino", "Michael Cimino, Deric Washburn, Louis Garfinkle", "Robert De Niro, Christopher Walken, John Cazale", "Robert De Niro, Christopher Walken, John Cazale, John Savage", "USD 15,000,000", "", "USD 48,979,328", "USD 49,080,334", "St. Theodosius Russian Orthodox Church - 733 Starkweather Avenue, Cleveland, Ohio, USA", "English, Vietnamese, French, Russian, Cantonese", "", "2.39 : 1", "Color", "24", "27", "False", "False", "False"
"215", "Le salaire de la peur", "8.1", "https://www.imdb.com/title/tt0046268/", "https://m.media-amazon.com/images/M/MV5BMjI3MjU2Mzg2MF5BMl5BanBnXkFtZTgwOTg2MTMzMjE@._V1_.jpg", "In a decrepit South American village, four men are hired to transport an urgent nitroglycerine shipment without the equipment that would make it safe.", "Adventure, Drama, Thriller", "156", "Not Rated", "Movie", "oil company, unemployment, nitroglycerin, mountain road, latin america", "FR", "3761", "UP 236", "Henri-Georges Clouzot", "Georges Arnaud, Henri-Georges Clouzot, Jérôme Géronimi", "Yves Montand, Charles Vanel, Peter van Eyck", "Yves Montand, Charles Vanel, Peter van Eyck, Folco Lulli", "", "USD 7,633", "USD 21,228", "USD 22,326", "Bouches-du-Rhône, France", "French, English, Spanish, German, Italian, Russian", "", "1.37 : 1", "Black and White", "6", "1", "False", "False", "False"
"216", "Logan", "8.1", "https://www.imdb.com/title/tt3315342/", "https://m.media-amazon.com/images/M/MV5BM2JjODdkMGMtNmY2YS00OGM2LThiY2YtZGYyNzE4Nzc2ODA0XkEyXkFqcGc@._V1_.jpg", "In a future where mutants are nearly extinct, an elderly and weary Logan leads a quiet life. But when Laura, a mutant child pursued by scientists, comes to him for help, he must get her to safety.", "Action, Drama, Sci-Fi", "137", "R", "Movie", "x men, mutant, superhero, feral child, death of protagonist", "US", "536", "DOWN 78", "James Mangold", "James Mangold, Scott Frank, Michael Green", "Hugh Jackman, Patrick Stewart, Dafne Keen", "Hugh Jackman, Patrick Stewart, Dafne Keen, Boyd Holbrook", "USD 97,000,000", "USD 88,411,916", "USD 226,277,068", "USD 619,180,476", "Just outside Northern Meadows community, Rio Rancho, New Mexico, USA", "English, Spanish", "Dolby Atmos, Dolby Digital, Dolby Surround 7.1, SDDS", "2.39 : 1", "Color", "29", "82", "False", "False", "False"
"217", "Rocky", "8.1", "https://www.imdb.com/title/tt0075148/", "https://m.media-amazon.com/images/M/MV5BZDEyY2M2MGMtYjg5OC00ZWFjLWFkZDQtNmQzZTdiYmYzZTBkXkEyXkFqcGc@._V1_.jpg", "A small-time Philadelphia boxer gets a supremely rare chance to fight the world heavyweight champion in a bout in which he strives to go the distance for his self-respect.", "Drama, Sport", "120", "PG", "Movie", "boxing, boxer, italian american, philadelphia pennsylvania, 1970s", "US", "646", "DOWN 79", "John G. Avildsen", "", "Sylvester Stallone, Talia Shire, Burt Young", "Sylvester Stallone, Talia Shire, Burt Young, Carl Weathers", "USD 960,000", "", "USD 117,235,147", "USD 117,253,345", "1818 East Tusculum Street, Kensington, North Philadelphia, Pennsylvania, USA", "English, Spanish, Italian", "Mono, Dolby Digital", "", "Color", "23", "23", "False", "False", "False"
"218", "Pirates of the Caribbean: The Curse of the Black Pearl", "8.1", "https://www.imdb.com/title/tt0325980/", "https://m.media-amazon.com/images/M/MV5BNDhlMzEyNzItMTA5Mi00YWRhLThlNTktYTQyMTA0MDIyNDEyXkEyXkFqcGc@._V1_.jpg", "An intrepid blacksmith teams up with an eccentric pirate captain to save his love from an undead pirate crew.", "Action, Adventure, Fantasy", "143", "PG-13", "Movie", "pirate, undead, captain jack sparrow character, joshamee gibbs character, captain hector barbossa character", "US", "247", "DOWN 11", "Gore Verbinski", "Ted Elliott, Terry Rossio, Stuart Beattie", "Johnny Depp, Geoffrey Rush, Orlando Bloom", "Johnny Depp, Geoffrey Rush, Orlando Bloom, Keira Knightley", "USD 140,000,000", "USD 46,630,690", "USD 305,413,918", "USD 654,264,835", "Bequia, St Vincent and the Grenadines", "English", "Dolby Digital EX, SDDS, DTS", "2.39 : 1", "Color", "38", "104", "False", "False", "False"
"219", "The General", "8.1", "https://www.imdb.com/title/tt0017925/", "https://m.media-amazon.com/images/M/MV5BMTVhM2Y1MDUtMDkxYi00Y2UxLWI2MTMtZjMzYTY4ODM4MGIzXkEyXkFqcGc@._V1_.jpg", "After being rejected by the Confederate military, not realizing it was due to his crucial civilian role, an engineer must single-handedly recapture his beloved locomotive after it is seized by Union spies and return it through ene...", "Action, Adventure, Comedy", "78", "Passed", "Movie", "train, confederate army, national film registry, 1860s, american civil war", "US", "", "", "", "Buster Keaton, Clyde Bruckman, Al Boasberg", "Buster Keaton, Marion Mack, Glen Cavender", "Buster Keaton, Marion Mack, Glen Cavender, Jim Farley", "USD 750,000", "", "", "USD 2,951", "Eugene, Oregon, USA", "None, English", "Silent", "1.33 : 1", "Black and White", "3", "1", "False", "False", "False"
"220", "Mr. Smith Goes to Washington", "8.1", "https://www.imdb.com/title/tt0031679/", "https://m.media-amazon.com/images/M/MV5BMDU4ZjNmMjEtMjcxYi00NDAxLWFlMjQtNWIyNjg5NWUzNTdjXkEyXkFqcGc@._V1_.jpg", "A naive youth leader is appointed to fill a vacancy in the U.S. Senate. His idealistic plans promptly collide with corruption at home and subterfuge from his hero in Washington, but he tries to forge ahead despite attacks on his c...", "Comedy, Drama", "129", "Approved", "Movie", "washington d.c., filibuster, national film registry, congressional page, u.s. capitol building", "US", "", "", "Frank Capra", "Sidney Buchman, Lewis R. Foster, Myles Connolly", "James Stewart, Jean Arthur, Claude Rains", "James Stewart, Jean Arthur, Claude Rains, Edward Arnold", "USD 1,900,000", "USD 83,205", "USD 144,738", "USD 146,448", "Lincoln Memorial, National Mall, Washington, District of Columbia, USA", "English", "", "1.37 : 1", "Black and White", "8", "12", "False", "False", "False"
"221", "Tôkyô monogatari", "8.1", "https://www.imdb.com/title/tt0046438/", "https://m.media-amazon.com/images/M/MV5BODdkNzcxZjItMDU2Yy00Y2JlLWFkYTQtNzIwM2Q4MWU5MTU2XkEyXkFqcGc@._V1_.jpg", "An old couple visit their children and grandchildren in the city, but receive little attention.", "Drama", "137", "Not Rated", "Movie", "houseguest, selfishness, old man, old woman, compassion", "JP", "3695", "DOWN 74", "Yasujirō Ozu", "Kōgo Noda, Yasujirō Ozu", "Chishū Ryū, Chieko Higashiyama, Sō Yamamura", "Chishū Ryū, Chieko Higashiyama, Sō Yamamura, Setsuko Hara", "", "", "", "USD 109,931", "Tokyo, Japan", "Japanese, English", "Mono", "1.37 : 1", "Black and White", "3", "0", "False", "False", "False"
"222", "La haine", "8.1", "https://www.imdb.com/title/tt0113247/", "https://m.media-amazon.com/images/M/MV5BMThlMDA3NDYtZGM2Zi00NmJhLThlYWItZjViZTkzZWU1ZWRiXkEyXkFqcGc@._V1_.jpg", "24 hours in the lives of three young men in the French suburbs the day after a violent riot.", "Crime, Drama", "98", "Not Rated", "Movie", "ghetto, gun, riot police, trying to steal a car, missed last train", "FR", "1338", "DOWN 21", "Mathieu Kassovitz", "", "Vincent Cassel, Hubert Koundé, Saïd Taghmaoui", "Vincent Cassel, Hubert Koundé, Saïd Taghmaoui, Abdel Ahmed Ghili", "EUR 2,590,000", "", "USD 280,859", "USD 815,549", "Paris, France", "French, Yiddish", "Dolby Digital", "1.85 : 1", "Black and White", "8", "15", "False", "False", "False"
"223", "Jai Bhim", "8.6", "https://www.imdb.com/title/tt15097216/", "https://m.media-amazon.com/images/M/MV5BZjEyNDIzNmEtMjdkYS00ZDAwLTljOWYtNDRhYTVhYTlmOTk1XkEyXkFqcGc@._V1_.jpg", "When a tribal man is arrested for a case of alleged theft, his wife turns to a human-rights lawyer to help bring justice.", "Crime, Drama", "164", "TV-MA", "movie", "", "", "", "", "", "", "", "", "", "", "", "", "", "", "", "", "", "", "", "", "", ""
"224", "Spotlight", "8.1", "https://www.imdb.com/title/tt1895587/", "https://m.media-amazon.com/images/M/MV5BMjIyOTM5OTIzNV5BMl5BanBnXkFtZTgwMDkzODE2NjE@._V1_.jpg", "The true story of how the Boston Globe uncovered the massive scandal of child molestation and cover-up within the local Catholic Archdiocese, shaking the entire Catholic Church to its core.", "Biography, Crime, Drama", "129", "R", "Movie", "child molestation, investigation, catholic church, cover up, investigative journalism", "US", "607", "UP 108", "Tom McCarthy", "Josh Singer, Tom McCarthy", "Mark Ruffalo, Michael Keaton, Rachel McAdams", "Mark Ruffalo, Michael Keaton, Rachel McAdams, Liev Schreiber", "USD 20,000,000", "USD 295,009", "USD 45,055,776", "USD 98,690,254", "333 Bay Street, Bay-Adelaide Centre, Toronto, Ontario, Canada", "English", "Dolby Digital", "1.85 : 1", "Color", "124", "146", "False", "False", "False"
"225", "Maharaja", "8.3", "https://www.imdb.com/title/tt26548265/", "https://m.media-amazon.com/images/M/MV5BOTFlMTIxOGItZTk0Zi00MTk2LWJiM2UtMzlhZWYzNjQ4N2Y3XkEyXkFqcGc@._V1_.jpg", "A barber seeks vengeance after his home is burglarized, cryptically telling police his &quot;lakshmi&quot; has been taken, leaving them uncertain if it&apos;s a person or object. His quest to recover the elusive &quot;lakshmi&quot; unfolds.", "Action, Crime, Drama", "141", "", "movie", "", "", "", "", "", "", "", "", "", "", "", "", "", "", "", "", "", "", "", "", "", ""
"226", "The Sound of Music", "8.1", "https://www.imdb.com/title/tt0059742/", "https://m.media-amazon.com/images/M/MV5BYWJhYmU4MjQtZDJhYi00ZGVjLTlkNTEtNzkzNGVjOWQ3MjcwXkEyXkFqcGc@._V1_.jpg", "A young novice is sent by her convent in 1930s Austria to become a governess to the seven children of a widowed naval officer.", "Biography, Drama, Family", "174", "G", "Movie", "stepmother, nazi, third reich, singing family, single father", "US", "1134", "UP 37", "Robert Wise", "Georg Hurdalek, Howard Lindsay, Russel Crouse", "Julie Andrews, Christopher Plummer, Eleanor Parker", "Julie Andrews, Christopher Plummer, Eleanor Parker, Richard Haydn", "USD 8,200,000", "USD 413,497", "USD 160,888,776", "USD 161,521,111", "Felsenreitschule, Salzburg, Austria", "English, German, Latin, French", "", "2.20 : 1", "Color", "19", "13", "False", "False", "False"
"227", "The Terminator", "8.1", "https://www.imdb.com/title/tt0088247/", "https://m.media-amazon.com/images/M/MV5BZmE0YzIxM2QtMGNlMi00MjRmLWE3MWMtOWQzMGVjMmU0YTFmXkEyXkFqcGc@._V1_.jpg", "A cyborg assassin from the future attempts to find and kill a young woman who is destined to give birth to a warrior that will lead a resistance to save humankind from extinction.", "Action, Adventure, Sci-Fi", "107", "R", "Movie", "time travel, killer robot, good versus evil, voice imitation, fictional war", "GB", "352", "DOWN 62", "James Cameron", "James Cameron, Gale Anne Hurd, William Wisher", "Arnold Schwarzenegger, Linda Hamilton, Michael Biehn", "Arnold Schwarzenegger, Linda Hamilton, Michael Biehn, Paul Winfield", "USD 6,400,000", "USD 4,020,663", "USD 38,371,200", "USD 78,371,200", "720 South Hill Street, Los Angeles, California, USA", "English, Spanish", "Mono", "1.85 : 1", "Color", "10", "13", "False", "False", "False"
"228", "Smultronstället", "8.1", "https://www.imdb.com/title/tt0050986/", "https://m.media-amazon.com/images/M/MV5BZWQ5MDllM2EtZWRmNS00MmZiLWI4ZWQtMjRiY2Q5MTAxODY4XkEyXkFqcGc@._V1_.jpg", "After living a life marked by coldness, an aging professor is forced to confront the emptiness of his existence.", "Drama, Romance", "92", "Not Rated", "Movie", "professor, road movie, nostalgia, self discovery, regret", "SE", "4011", "DOWN 94", "Ingmar Bergman", "", "Victor Sjöström, Bibi Andersson, Ingrid Thulin", "Victor Sjöström, Bibi Andersson, Ingrid Thulin, Gunnar Björnstrand", "", "", "", "USD 104,614", "Dalarö, Stockholms län, Sweden", "Swedish, Latin", "Mono", "1.37 : 1", "Black and White", "16", "4", "False", "False", "False"
"229", "On the Waterfront", "8.1", "https://www.imdb.com/title/tt0047296/", "https://m.media-amazon.com/images/M/MV5BZDJlYTM1ZGYtZTM4YS00MzFhLThiZjktYzQ0ZjAzMGYwZTU3XkEyXkFqcGc@._V1_.jpg", "An ex-prize fighter turned New Jersey longshoreman struggles to stand up to his corrupt union bosses, including his older brother, as he starts to connect with the grieving sister of one of the syndicate&apos;s victims.", "Crime, Drama, Thriller", "108", "Approved", "Movie", "organized crime, murder, ex boxer, rooftop, whistleblower", "US", "2489", "DOWN 351", "Elia Kazan", "Budd Schulberg, Malcolm Johnson, Robert Siodmak", "Marlon Brando, Karl Malden, Lee J. Cobb", "Marlon Brando, Karl Malden, Lee J. Cobb, Rod Steiger", "USD 910,000", "", "", "USD 3,768", "St Peter and St Paul Church - 400 Hudson Street, Hoboken, New Jersey, USA", "English, Latin", "", "", "Black and White", "30", "11", "False", "False", "False"
"230", "The Best Years of Our Lives", "8.1", "https://www.imdb.com/title/tt0036868/", "https://m.media-amazon.com/images/M/MV5BNTgxMzUyODQtMDJmZC00ZGMyLWI3MzAtZTYwYjBjZjFmMzIxXkEyXkFqcGc@._V1_.jpg", "Three WWII veterans return home forever changed and find it difficult to adjust to their new realities.", "Drama, Romance, War", "170", "Approved", "Movie", "world war two veteran, banker, speech, bombardier, b 17 bomber", "US", "4362", "DOWN 856", "William Wyler", "Robert E. Sherwood, MacKinlay Kantor", "Myrna Loy, Dana Andrews, Fredric March", "Myrna Loy, Dana Andrews, Fredric March, Teresa Wright", "USD 2,100,000", "", "USD 23,650,000", "USD 23,667,133", "Ontario International Airport - 2900 E. Airport Drive, Ontario, California, USA", "English", "", "1.37 : 1", "Black and White", "25", "4", "False", "False", "False"
"231", "The Third Man", "8.1", "https://www.imdb.com/title/tt0041959/", "https://m.media-amazon.com/images/M/MV5BNGVjMTMxZTQtMmVlNy00YmI0LWJjMDUtYTgyZWU1Njg5ZGRiXkEyXkFqcGc@._V1_.jpg", "Pulp novelist Holly Martins travels to shadowy, mystifying post-war Vienna only to find himself investigating the mysterious sudden death of old friend Harry Lime.", "Drama, Film-Noir, Mystery", "104", "Approved", "Movie", "post world war two, faking one's death, underground, british noir, american abroad", "GB", "2003", "UP 238", "Carol Reed", "Graham Greene, Alexander Korda, Carol Reed", "Orson Welles, Joseph Cotten, Alida Valli", "Orson Welles, Joseph Cotten, Alida Valli, Trevor Howard", "", "USD 13,576", "USD 1,067,364", "USD 1,429,209", "8 Schreyvogelgasse, Vienna, Austria", "English, German, Russian, French", "", "1.37 : 1", "Black and White", "6", "4", "False", "False", "False"
"232", "The Big Lebowski", "8.1", "https://www.imdb.com/title/tt0118715/", "https://m.media-amazon.com/images/M/MV5BY2E3OWQ5OWYtYTRkMC00NjVjLWIzZDQtNmRmM2ZiYTIyYmYxXkEyXkFqcGc@._V1_.jpg", "Jeff &quot;The Dude&quot; Lebowski, mistaken for a millionaire of the same name, seeks restitution for his ruined rug and enlists his bowling buddies to help get it.", "Comedy, Crime", "117", "R", "Movie", "rug, millionaire, laziness, pornographer, urination", "GB", "538", "DOWN 106", "", "Ethan Coen, Joel Coen", "Jeff Bridges, John Goodman, Julianne Moore", "Jeff Bridges, John Goodman, Julianne Moore, Steve Buscemi", "USD 15,000,000", "USD 5,533,844", "USD 19,488,923", "USD 48,266,946", "South Pasadena, California, USA", "English, German, Hebrew, Spanish", "DTS, Dolby Digital, SDDS", "1.85 : 1", "Color", "7", "18", "False", "False", "False"
"233", "The Incredibles", "8", "https://www.imdb.com/title/tt0317705/", "https://m.media-amazon.com/images/M/MV5BMTY5OTU0OTc2NV5BMl5BanBnXkFtZTcwMzU4MDcyMQ@@._V1_.jpg", "While trying to lead a quiet suburban life, a family of undercover superheroes are forced into action to save the world.", "Animation, Action, Adventure", "115", "PG", "Movie", "superhero family, superhero, good versus evil, non comic book superhero, family relationships", "US", "818", "DOWN 22", "Brad Bird", "", "Craig T. Nelson, Samuel L. Jackson, Holly Hunter", "Craig T. Nelson, Samuel L. Jackson, Holly Hunter, Jason Lee", "USD 92,000,000", "USD 70,467,623", "USD 261,441,092", "USD 631,688,498", "Pixar Animation Studios - 1200 Park Avenue, Emeryville, California, USA", "English, French, German, Italian, Portuguese, Russian", "Dolby Digital EX, SDDS", "2.39 : 1", "Color", "70", "56", "False", "False", "False"
"234", "Before Sunset", "8.1", "https://www.imdb.com/title/tt0381681/", "https://m.media-amazon.com/images/M/MV5BMTQ1MjAwNTM5Ml5BMl5BanBnXkFtZTYwNDM0MTc3._V1_.jpg", "Nine years after Jesse and Celine first met, they encounter each other again on the French leg of Jesse&apos;s book tour.", "Drama, Romance", "80", "R", "Movie", "brief encounter, dialogue driven, enduring relationship, sequel, one day timespan", "US", "1423", "UP 77", "Richard Linklater", "Richard Linklater, Julie Delpy, Ethan Hawke", "Ethan Hawke, Julie Delpy, Vernon Dobtcheff", "Ethan Hawke, Julie Delpy, Vernon Dobtcheff, Louise Lemoine Torrès", "USD 2,700,000", "USD 219,425", "USD 5,820,649", "USD 16,373,310", "Seine River, Paris, France", "English, French", "DTS, Dolby Digital, SDDS", "1.85 : 1", "Color", "10", "32", "False", "False", "False"
"235", "Hachi: A Dog&apos;s Tale", "8.1", "https://www.imdb.com/title/tt1028532/", "https://m.media-amazon.com/images/M/MV5BNTU5NjYyYTgtZGQ3My00MzRhLThjNGYtZmVjN2JjYjhkMjhhXkEyXkFqcGc@._V1_.jpg", "Professor Wilson discovers a lost Akita puppy on his way home. Despite objections from his wife, Hachi endears himself to the family and grows to be Parker&apos;s loyal companion. As their bond grows deeper, a beautiful relationship un...", "Biography, Drama, Family", "93", "G", "Movie", "dog, loyalty, human animal relationship, japanese, waiting", "GB", "1856", "UP 92", "Lasse Hallström", "Stephen P. Lindsey, Kaneto Shindō", "Richard Gere, Joan Allen, Cary-Hiroyuki Tagawa", "Richard Gere, Joan Allen, Cary-Hiroyuki Tagawa, Sarah Roemer", "USD 16,000,000", "", "", "USD 46,749,646", "Rhode Island, USA", "English, Japanese", "DTS, Dolby Digital, SDDS", "1.85 : 1", "Color", "0", "1", "False", "False", "False"
"236", "Room", "8.1", "https://www.imdb.com/title/tt3170832/", "https://m.media-amazon.com/images/M/MV5BMjE4NzgzNzEwMl5BMl5BanBnXkFtZTgwMTMzMDE0NjE@._V1_.jpg", "A little boy is held captive in a room with his mother since his birth, so he has never known the world outside.", "Drama, Thriller", "118", "R", "Movie", "escape, kidnapping, mother son relationship, locked in a room, unlawful confinement", "IE", "1339", "DOWN 354", "Lenny Abrahamson", "", "Brie Larson, Jacob Tremblay, Sean Bridgers", "Brie Larson, Jacob Tremblay, Sean Bridgers, Wendy Crewson", "USD 13,000,000", "USD 118,298", "USD 14,677,654", "USD 35,402,766", "Apache Burgers, 5236 Dundas St. W., Etobicoke, Ontario, Canada", "English", "Dolby Digital, Datasat, Dolby Atmos", "2.35 : 1, 2.39 : 1", "Color", "108", "143", "False", "False", "False"
"237", "Hababam Sinifi: Sinifta Kaldi", "8.4", "https://www.imdb.com/title/tt0252488/", "https://m.media-amazon.com/images/M/MV5BZmY3MjVhMmQtOTcwYy00ZjcyLWFiZDgtN2JiODVjNjQzYWQyXkEyXkFqcGc@._V1_.jpg", "A group of students have failed their exams and must return for another year. Distracting them all is a new young female teacher, who they try out their usual tricks on.", "Comedy", "95", "", "movie", "", "", "", "", "", "", "", "", "", "", "", "", "", "", "", "", "", "", "", "", "", ""
"238", "The Exorcist", "8.1", "https://www.imdb.com/title/tt0070047/", "https://m.media-amazon.com/images/M/MV5BZjg3YjE4ZjAtYTdmYS00ZTBkLWE1ZjgtNzAzODUwNzRiYjlmXkEyXkFqcGc@._V1_.jpg", "When a mysterious entity possesses a young girl, her mother seeks the help of two Catholic priests to save her life.", "Horror", "122", "R", "Movie", "exorcism, demonic possession, exorcist, mother daughter relationship, holy water", "US", "716", "DOWN 49", "William Friedkin", "", "Ellen Burstyn, Max von Sydow, Linda Blair", "Ellen Burstyn, Max von Sydow, Linda Blair, Lee J. Cobb", "USD 11,000,000", "USD 8,175,666", "USD 233,005,644", "USD 430,872,776", "Mosul, Iraq", "English, Latin, Greek, French, German, Arabic, Kurdish", "Mono", "", "Color", "18", "21", "False", "False", "False"
"239", "Hotel Rwanda", "8.1", "https://www.imdb.com/title/tt0395169/", "https://m.media-amazon.com/images/M/MV5BY2FmMWRmZmQtN2IzMS00OGVmLWFmNjktMTM0YWQzODcwYTEwXkEyXkFqcGc@._V1_.jpg", "Paul Rusesabagina, a hotel manager, houses over a thousand Tutsi refugees during their struggle against the Hutu militia in Rwanda, Africa.", "Biography, Drama, History", "121", "PG-13", "Movie", "rwanda, brutality, hatred, mass killing, female rear nudity", "US", "2395", "UP 34", "Terry George", "Keir Pearson, Terry George", "Don Cheadle, Sophie Okonedo, Joaquin Phoenix", "Don Cheadle, Sophie Okonedo, Joaquin Phoenix, Xolani Mali", "USD 17,500,000", "USD 100,091", "USD 23,530,892", "USD 33,882,243", "Kigali, Rwanda", "English, French, Kinyarwanda", "DTS, Dolby Digital", "2.35 : 1", "Color", "16", "49", "False", "False", "False"
"240", "Det sjunde inseglet", "8.1", "https://www.imdb.com/title/tt0050976/", "https://m.media-amazon.com/images/M/MV5BZDlmYTkzOWUtODQ0MS00MmM4LWE3ZjMtYTEwNGUwMmJkYzIxXkEyXkFqcGc@._V1_.jpg", "A knight returning to Sweden after the Crusades seeks answers about life, death, and the existence of God as he plays chess against the Grim Reaper during the Black Plague.", "Drama, Fantasy", "96", "Not Rated", "Movie", "chess, death, knight, death personified, church", "SE", "2132", "UP 141", "Ingmar Bergman", "", "Max von Sydow, Gunnar Björnstrand, Bengt Ekerot", "Max von Sydow, Gunnar Björnstrand, Bengt Ekerot, Nils Poppe", "USD 150,000", "", "", "USD 335,900", "Hovs Hallar - Naturreservat, Skåne län, Sweden", "Swedish, Latin", "", "1.37 : 1", "Black and White", "9", "2", "False", "False", "False"
"241", "The Iron Giant", "8.1", "https://www.imdb.com/title/tt0129167/", "https://m.media-amazon.com/images/M/MV5BODM4ZjZjMGEtYmFiMy00MThjLWIzZjUtMDU0ODg1NTI2MzIwXkEyXkFqcGc@._V1_.jpg", "A young boy befriends a giant robot from outer space that a paranoid government agent wants to destroy.", "Animation, Action, Adventure", "86", "PG", "Movie", "giant robot, 1950s, government agent, friendship, small town", "US", "1704", "UP 165", "Brad Bird", "Tim McCanlies, Brad Bird, Ted Hughes", "Eli Marienthal, Harry Connick Jr., Jennifer Aniston", "Eli Marienthal, Harry Connick Jr., Jennifer Aniston, Vin Diesel", "USD 70,000,000", "USD 5,732,614", "USD 23,315,035", "USD 23,340,070", "Los Angeles, California, USA", "English", "Dolby Digital, SDDS", "2.39 : 1", "Color", "20", "18", "False", "False", "False"
"242", "Platoon", "8", "https://www.imdb.com/title/tt0091763/", "https://m.media-amazon.com/images/M/MV5BZjE4YjllODAtZGMxZS00Mjg2LThkOWUtZjNkMjQ5YThiNDU4XkEyXkFqcGc@._V1_.jpg", "Chris Taylor is a young, naive American who gives up college and volunteers for combat in Vietnam. Upon arrival, he quickly discovers that his presence is quite nonessential, and is considered insignificant to the other soldiers, ...", "Drama, War", "120", "R", "Movie", "vietnam war, jungle warfare, voice over, village, marijuana", "US", "1041", "DOWN 15", "Oliver Stone", "", "Charlie Sheen, Tom Berenger, Willem Dafoe", "Charlie Sheen, Tom Berenger, Willem Dafoe, Keith David", "USD 6,000,000", "USD 241,080", "USD 138,530,565", "USD 138,548,001", "Philippines", "English, Vietnamese", "Dolby Stereo, Dolby Digital", "1.85 : 1", "Color", "24", "21", "False", "False", "False"
"243", "Rush", "8.1", "https://www.imdb.com/title/tt1979320/", "https://m.media-amazon.com/images/M/MV5BMTZhOGQxM2ItNGQyYy00YzE5LWI5MjMtNmMzNGQzNDE1OTUzXkEyXkFqcGc@._V1_.jpg", "James Hunt and Niki Lauda, two extremely skilled Formula One racers, have an intense rivalry with each other. However, it is their enmity that pushes them to their limits.", "Biography, Drama, Sport", "123", "R", "Movie", "formula 1, rivalry, 1970s, car racing, nurburgring germany", "GB", "581", "UP 239", "Ron Howard", "", "Daniel Brühl, Chris Hemsworth, Olivia Wilde", "Daniel Brühl, Chris Hemsworth, Olivia Wilde, Alexandra Maria Lara", "USD 38,000,000", "USD 187,289", "USD 26,947,624", "USD 93,328,577", "Nürburgring, Rhineland-Palatinate, Germany", "English, German, Italian, French, Japanese, Spanish", "Dolby Digital, Datasat, SDDS", "2.39 : 1", "Color", "6", "67", "False", "False", "False"
"244", "Stand by Me", "8.1", "https://www.imdb.com/title/tt0092005/", "https://m.media-amazon.com/images/M/MV5BNGJkNTUwM2MtZWE2MS00YjNkLWE3MjktNWQwZDQxMDIyZWVmXkEyXkFqcGc@._V1_.jpg", "A writer recounts a childhood journey with his friends to view the body of a boy who went missing in the woods.", "Adventure, Drama", "89", "R", "Movie", "coming of age, boy, friendship, childhood friend, treehouse", "US", "428", "DOWN 154", "Rob Reiner", "Stephen King, Raynold Gideon, Bruce A. Evans", "Wil Wheaton, River Phoenix, Corey Feldman", "Wil Wheaton, River Phoenix, Corey Feldman, Jerry O'Connell", "USD 8,000,000", "USD 242,795", "USD 52,987,763", "USD 54,322,037", "Lake Britton Bridge, Shasta-Trinity National Forest, Burney, California, USA", "English", "Mono", "1.85 : 1", "Color", "7", "14", "False", "False", "False"
"245", "The Wizard of Oz", "8.1", "https://www.imdb.com/title/tt0032138/", "https://m.media-amazon.com/images/M/MV5BNjUyMTc4MDExMV5BMl5BanBnXkFtZTgwNDg0NDIwMjE@._V1_.jpg", "Young Dorothy Gale and her dog Toto are swept away by a tornado from their Kansas farm to the magical Land of Oz and embark on a quest with three new friends to see the Wizard, who can return her to her home and fulfill the others...", "Adventure, Family, Fantasy", "102", "G", "Movie", "witch, wizard, tornado, kansas, lion", "US", "1297", "DOWN 52", "", "Noel Langley, Florence Ryerson, Edgar Allan Woolf", "Judy Garland, Frank Morgan, Ray Bolger", "Judy Garland, Frank Morgan, Ray Bolger, Bert Lahr", "USD 2,777,000", "USD 5,354,311", "USD 24,668,669", "USD 25,637,669", "Stage 28, Sony Pictures Studios - 10202 W. Washington Blvd., Culver City, California, USA", "English", "", "1.37 : 1", "", "16", "14", "False", "False", "False"
"246", "La battaglia di Algeri", "8.1", "https://www.imdb.com/title/tt0058946/", "https://m.media-amazon.com/images/M/MV5BMTY2Mjk0OGEtYTM3Yy00ZWZiLWFhNjAtNGExMjEzNGVmMDMxXkEyXkFqcGc@._V1_.jpg", "In the 1950s, fear and violence escalate as the people of Algiers fight for independence from the French government.", "Drama, War", "121", "Not Rated", "Movie", "battle of algiers, torture, struggle for independence, insurrection, street fighter", "IT", "3082", "UP 302", "Gillo Pontecorvo", "Franco Solinas, Gillo Pontecorvo", "Brahim Hadjadj, Jean Martin, Yacef Saadi", "Brahim Hadjadj, Jean Martin, Yacef Saadi, Samia Kerbash", "USD 800,000", "USD 64,870", "USD 879,794", "USD 963,474", "Casbah, Algiers, Algeria", "Arabic, French, English, Spanish", "Mono", "1.85 : 1", "Black and White", "9", "8", "False", "False", "False"
"247", "Babam ve Oglum", "8.2", "https://www.imdb.com/title/tt0476735/", "https://m.media-amazon.com/images/M/MV5BZDE3MTBkNmQtNGFjMC00YTcwLWExY2ItN2MyMGZkNWJlMmFmXkEyXkFqcGc@._V1_.jpg", "The family of a left-wing journalist is torn apart after the military coup of Turkey in 1980.", "Drama", "112", "Not Rated", "movie", "", "", "", "", "", "", "", "", "", "", "", "", "", "", "", "", "", "", "", "", "", ""
"248", "La passion de Jeanne d&apos;Arc", "8.1", "https://www.imdb.com/title/tt0019254/", "https://m.media-amazon.com/images/M/MV5BNTE1MDliZjgtYTU2Yy00YjAxLTljYTItNDE2ZGYwYTY1MGQ1XkEyXkFqcGc@._V1_.jpg", "In 1431, Jeanne d&apos;Arc is placed on trial on charges of heresy, and the ecclesiastical jurists attempt to force her to recant her claims of holy visions.", "Biography, Drama, History", "114", "Passed", "Movie", "trial, close up scene, martyrdom, character name in title, 15th century", "FR", "4676", "DOWN 330", "Carl Theodor Dreyer", "Joseph Delteil, Carl Theodor Dreyer", "Maria Falconetti, Eugene Silvain, André Berley", "Maria Falconetti, Eugene Silvain, André Berley, Maurice Schutz", "", "USD 6,408", "USD 21,877", "USD 22,731", "Boulogne-Billancourt, Hauts-de-Seine, France", "None, French, Latin", "Silent", "1.33 : 1", "Black and White", "4", "1", "False", "False", "False"
"249", "Höstsonaten", "8.1", "https://www.imdb.com/title/tt0077711/", "https://m.media-amazon.com/images/M/MV5BNTg1MzJiNTYtZjcyNS00NDE5LWE0N2ItMGIxM2Y2ZDMyYjJjXkEyXkFqcGc@._V1_.jpg", "A devoted wife is visited by her mother, a successful concert pianist who had little time for her when she was young.", "Drama, Music", "99", "PG", "Movie", "child neglect, dysfunctional family, pianist, mother daughter estrangement, marriage", "XWG", "3551", "UP 129", "Ingmar Bergman", "", "Ingrid Bergman, Liv Ullmann, Lena Nyman", "Ingrid Bergman, Liv Ullmann, Lena Nyman, Halvar Björk", "", "", "", "USD 39,662", "Jar, Norway", "Swedish, English", "Mono", "1.66 : 1", "Color", "10", "10", "False", "False", "False"
"250", "Andhadhun", "8.2", "https://www.imdb.com/title/tt8108198/", "https://m.media-amazon.com/images/M/MV5BZjc5OWIzOTgtMmM2ZS00ZjZhLTkyZWItMTFjYTc0NWQ4NzhkXkEyXkFqcGc@._V1_.jpg", "A series of mysterious events change the life of a blind pianist, who must now report a crime that he should technically know nothing of.", "Comedy, Crime, Mystery", "139", "Not Rated", "movie", "", "", "", "", "", "", "", "", "", "", "", "", "", "", "", "", "", "", "", "", "", ""
